bom_movie_name;bom_url;se_total_gross_usd
Star Wars: The Last Jedi;http://www.boxofficemojo.com/movies/?page=intl&country=SE&id=starwars8.htm;15830172
Beauty and the Beast (2017);http://www.boxofficemojo.com/movies/?page=intl&country=SE&id=beautyandthebeast2017.htm;7366642
Wonder Woman;N/A;N/A
Guardians of the Galaxy Vol. 2;http://www.boxofficemojo.com/movies/?page=intl&country=SE&id=marvel17a.htm;4499986
Spider-Man: Homecoming;http://www.boxofficemojo.com/movies/?page=intl&country=SE&id=spiderman2017.htm;3680062
It;N/A;N/A
Jumanji: Welcome to the Jungle;http://www.boxofficemojo.com/movies/?page=intl&country=SE&id=jumanji2016.htm;4280064
Thor: Ragnarok;http://www.boxofficemojo.com/movies/?page=intl&country=SE&id=marvel2017.htm;4539657
Despicable Me 3;http://www.boxofficemojo.com/movies/?page=intl&country=SE&id=despicableme3.htm;7446939
Justice League;N/A;N/A
Logan;http://www.boxofficemojo.com/movies/?page=intl&country=SE&id=wolverine2017.htm;2788129
The Fate of the Furious;http://www.boxofficemojo.com/movies/?page=intl&country=SE&id=furious8.htm;4155614
Coco;N/A;N/A
Dunkirk;N/A;N/A
The LEGO Batman Movie;N/A;N/A
Get Out;http://www.boxofficemojo.com/movies/?page=intl&country=SE&id=blumhouse2.htm;1156847
The Boss Baby;http://www.boxofficemojo.com/movies/?page=intl&country=SE&id=bossbaby.htm;2649317
Pirates of the Caribbean: Dead Men Tell No Tales;http://www.boxofficemojo.com/movies/?page=intl&country=SE&id=potc5.htm;7291991
Kong: Skull Island;N/A;N/A
Cars 3;http://www.boxofficemojo.com/movies/?page=intl&country=SE&id=cars3.htm;4032259
War for the Planet of the Apes;N/A;N/A
Split;http://www.boxofficemojo.com/movies/?page=intl&country=SE&id=split2017.htm;1253308
Transformers: The Last Knight;http://www.boxofficemojo.com/movies/?page=intl&country=SE&id=transformers5.htm;1796328
Wonder;N/A;N/A
Girls Trip;http://www.boxofficemojo.com/movies/?page=intl&country=SE&id=girltrip.htm;581777
Fifty Shades Darker;http://www.boxofficemojo.com/movies/?page=intl&country=SE&id=fiftyshadesdarker.htm;5379401
The Greatest Showman;http://www.boxofficemojo.com/movies/?page=intl&country=SE&id=greatestshowman.htm;553951
Baby Driver;http://www.boxofficemojo.com/movies/?page=intl&country=SE&id=babydriver.htm;1293830
Daddy's Home 2;http://www.boxofficemojo.com/movies/?page=intl&country=SE&id=daddyshome2.htm;476575
Murder on the Orient Express (2017);http://www.boxofficemojo.com/movies/?page=intl&country=SE&id=murderorientexpress17.htm;1476970
Annabelle: Creation;N/A;N/A
Pitch Perfect 3;http://www.boxofficemojo.com/movies/?page=intl&country=SE&id=pitchperfect3.htm;803715
Kingsman: The Golden Circle;N/A;N/A
John Wick: Chapter Two;http://www.boxofficemojo.com/movies/?page=intl&country=SE&id=johnwick2.htm;424132
Blade Runner 2049;http://www.boxofficemojo.com/movies/?page=intl&country=SE&id=bladerunnersequel.htm;3537973
The Emoji Movie;http://www.boxofficemojo.com/movies/?page=intl&country=SE&id=theemojimovie.htm;1818438
Power Rangers (2017);http://www.boxofficemojo.com/movies/?page=intl&country=SE&id=powerrangers16.htm;139741
The Mummy (2017);http://www.boxofficemojo.com/movies/?page=intl&country=SE&id=mummy2016.htm;1305968
Ferdinand;http://www.boxofficemojo.com/movies/?page=intl&country=SE&id=ferdinand.htm;3594319
The Hitman's Bodyguard;http://www.boxofficemojo.com/movies/?page=intl&country=SE&id=hitmansbodyguard.htm;860554
Alien: Covenant;http://www.boxofficemojo.com/movies/?page=intl&country=SE&id=alienparadiselost.htm;1461526
Captain Underpants: The First Epic Movie;N/A;N/A
A Bad Moms Christmas;http://www.boxofficemojo.com/movies/?page=intl&country=SE&id=badmomschristmas.htm;797885
A Dog's Purpose;N/A;N/A
The LEGO Ninjago Movie;N/A;N/A
Baywatch;http://www.boxofficemojo.com/movies/?page=intl&country=SE&id=baywatch.htm;1823642
The Shack;N/A;N/A
Happy Death Day;http://www.boxofficemojo.com/movies/?page=intl&country=SE&id=blumhousehorror2018.htm;506344
Atomic Blonde;N/A;N/A
American Made;http://www.boxofficemojo.com/movies/?page=intl&country=SE&id=mena.htm;1485179
The Dark Tower;http://www.boxofficemojo.com/movies/?page=intl&country=SE&id=darktower.htm;618551
Tyler Perry's Boo 2! A Madea Halloween;N/A;N/A
Snatched;N/A;N/A
The Post;N/A;N/A
The Great Wall;http://www.boxofficemojo.com/movies/?page=intl&country=SE&id=greatwall.htm;1026084
Smurfs: The Lost Village;http://www.boxofficemojo.com/movies/?page=intl&country=SE&id=smurfs3.htm;1440461
Going in Style (2017);N/A;N/A
All Eyez on Me;N/A;N/A
xXx: The Return of Xander Cage;http://www.boxofficemojo.com/movies/?page=intl&country=SE&id=xxx3.htm;1080403
47 Meters Down;N/A;N/A
The Big Sick;http://www.boxofficemojo.com/movies/?page=intl&country=SE&id=thebigsick.htm;124246
Valerian and the City of a Thousand Planets;http://www.boxofficemojo.com/movies/?page=intl&country=SE&id=valerian.htm;942450
Darkest Hour;N/A;N/A
The Star;N/A;N/A
Ghost in the Shell (2017);http://www.boxofficemojo.com/movies/?page=intl&country=SE&id=ghostintheshell2017.htm;970657
King Arthur: Legend of the Sword;N/A;N/A
Lady Bird;N/A;N/A
Jigsaw;http://www.boxofficemojo.com/movies/?page=intl&country=SE&id=saw2017.htm;789334
American Assassin;http://www.boxofficemojo.com/movies/?page=intl&country=SE&id=americanassassin.htm;540100
The Foreigner;http://www.boxofficemojo.com/movies/?page=intl&country=SE&id=theforeigner.htm;176000
Wind River;N/A;N/A
Geostorm;N/A;N/A
Monster Trucks;N/A;N/A
Three Billboards Outside Ebbing Missouri;http://www.boxofficemojo.com/movies/?page=intl&country=SE&id=threebillboards.htm;663097
Fist Fight;N/A;N/A
How to be a Latin Lover;N/A;N/A
Kidnap (2017);N/A;N/A
The Shape of Water;N/A;N/A
Underworld: Blood Wars;http://www.boxofficemojo.com/movies/?page=intl&country=SE&id=underworld5.htm;74756
The Mountain Between Us;N/A;N/A
Life (2017);http://www.boxofficemojo.com/movies/?page=intl&country=SE&id=life2017.htm;796279
The Nut Job 2: Nutty by Nature;http://www.boxofficemojo.com/movies/?page=intl&country=SE&id=nutjob2.htm;951243
Rings;http://www.boxofficemojo.com/movies/?page=intl&country=SE&id=rings.htm;480530
Logan Lucky;http://www.boxofficemojo.com/movies/?page=intl&country=SE&id=loganlucky.htm;109521
Home Again;N/A;N/A
Resident Evil: The Final Chapter;http://www.boxofficemojo.com/movies/?page=intl&country=SE&id=residentevil6.htm;267696
The House;N/A;N/A
Gifted;N/A;N/A
Molly's Game;N/A;N/A
Downsizing;http://www.boxofficemojo.com/movies/?page=intl&country=SE&id=downsizing.htm;352526
All the Money in the World;N/A;N/A
The Bye Bye Man;http://www.boxofficemojo.com/movies/?page=intl&country=SE&id=thebyebyeman.htm;114000
Victoria and Abdul;http://www.boxofficemojo.com/movies/?page=intl&country=SE&id=victoriaandabdul.htm;615825
Rough Night;http://www.boxofficemojo.com/movies/?page=intl&country=SE&id=rockthatbody.htm;316686
My Little Pony: The Movie;http://www.boxofficemojo.com/movies/?page=intl&country=SE&id=mylittlepony2017.htm;901609
Leap!;N/A;N/A
Sleepless;http://www.boxofficemojo.com/movies/?page=intl&country=SE&id=sleepless.htm;28408
The Disaster Artist;N/A;N/A
Diary of a Wimpy Kid: The Long Haul;N/A;N/A
The Circle (2017);N/A;N/A
Baahubali 2: The Conclusion;N/A;N/A
CHiPs;N/A;N/A
Only The Brave;N/A;N/A
mother!;http://www.boxofficemojo.com/movies/?page=intl&country=SE&id=mother2017.htm;182528
The Zookeeper's Wife;N/A;N/A
Father Figures;N/A;N/A
The Glass Castle;http://www.boxofficemojo.com/movies/?page=intl&country=SE&id=theglasscastle.htm;72258
Flatliners (2017);N/A;N/A
Detroit;N/A;N/A
The Case for Christ;N/A;N/A
Wish Upon;N/A;N/A
It Comes At Night;http://www.boxofficemojo.com/movies/?page=intl&country=SE&id=itcomesatnight.htm;294362
Born in China;N/A;N/A
Megan Leavey;N/A;N/A
The Founder;http://www.boxofficemojo.com/movies/?page=intl&country=SE&id=founder.htm;16193
Battle of the Sexes;N/A;N/A
Before I Fall;N/A;N/A
Unforgettable (2017);N/A;N/A
The Beguiled (2017);http://www.boxofficemojo.com/movies/?page=intl&country=SE&id=thebeguiled2017.htm;324676
The Belko Experiment;N/A;N/A
Marshall;N/A;N/A
Thank You for Your Service (2017);N/A;N/A
Rock Dog;N/A;N/A
Call Me by Your Name;http://www.boxofficemojo.com/movies/?page=intl&country=SE&id=callmebyyourname.htm;443587
The Lost City of Z;N/A;N/A
The Promise (2017);N/A;N/A
A Cure for Wellness;http://www.boxofficemojo.com/movies/?page=intl&country=SE&id=acureforwellness.htm;129724
The Space Between Us;http://www.boxofficemojo.com/movies/?page=intl&country=SE&id=thespacebetweenus.htm;45233
Gold;N/A;N/A
Let there be Light;N/A;N/A
I am Not Your Negro;N/A;N/A
Beatriz At Dinner;N/A;N/A
Birth of the Dragon;N/A;N/A
The Snowman;http://www.boxofficemojo.com/movies/?page=intl&country=SE&id=thesnowman.htm;1204938
Loving Vincent;N/A;N/A
Same Kind of Different as Me;N/A;N/A
Phantom Thread;N/A;N/A
Lowriders;N/A;N/A
Maudie;http://www.boxofficemojo.com/movies/?page=intl&country=SE&id=maudie.htm;60868
Just Getting Started;N/A;N/A
All Saints;N/A;N/A
Suburbicon;N/A;N/A
The Man Who Invented Christmas;N/A;N/A
Paris Can Wait;N/A;N/A
The Florida Project;N/A;N/A
Tiger Zinda Hai;N/A;N/A
Your Name.;N/A;N/A
The Book of Henry;N/A;N/A
Stronger;N/A;N/A
The Hero;N/A;N/A
Sleight;http://www.boxofficemojo.com/movies/?page=intl&country=SE&id=untitledbhtiltii2017.htm;1458
A United Kingdom;http://www.boxofficemojo.com/movies/?page=intl&country=SE&id=aunitedkingdom.htm;357628
Norman: The Moderate Rise and Tragic Fall of a New York Fixer;N/A;N/A
Friend Request;N/A;N/A
Table 19;N/A;N/A
Their Finest;N/A;N/A
Phoenix Forgotten;N/A;N/A
An Inconvenient Sequel: Truth to Power;http://www.boxofficemojo.com/movies/?page=intl&country=SE&id=aninconvenientsequel.htm;83239
Til Death Do Us Part;N/A;N/A
Raees;N/A;N/A
Close Encounters of the Third Kind (40th Anniversary);N/A;N/A
Colossal;N/A;N/A
Ingrid Goes West;N/A;N/A
Ballerina (2017) [Canada Only];N/A;N/A
The Oscar Nominated Short Films 2017;N/A;N/A
Kedi;N/A;N/A
Wolf Warrior 2;N/A;N/A
My Cousin Rachel;N/A;N/A
Mayweather vs. McGregor;N/A;N/A
A Question Of Faith;N/A;N/A
Is Genesis History?;N/A;N/A
Newsies: The Broadway Musical;N/A;N/A
In Our Hands: The Battle for Jerusalem;N/A;N/A
Hazlo Como Hombre (Do It Like An Hombre);N/A;N/A
LBJ;N/A;N/A
Tulip Fever;http://www.boxofficemojo.com/movies/?page=intl&country=SE&id=tulipfever.htm;524943
The Salesman;N/A;N/A
T2: Trainspotting;http://www.boxofficemojo.com/movies/?page=intl&country=SE&id=trainspotting2.htm;191680
Pokemon the Movie: I Choose You!;N/A;N/A
Jeepers Creepers 3;N/A;N/A
The Resurrection of Gavin Stone ;N/A;N/A
The Killing of a Sacred Deer;N/A;N/A
Collide;N/A;N/A
The Lovers;N/A;N/A
Un Padre No Tan Padre;N/A;N/A
Brad's Status;N/A;N/A
Good Time;N/A;N/A
Badrinath Ki Dulhania;N/A;N/A
Everybody Loves Somebody;N/A;N/A
Youth (2017);N/A;N/A
A Quiet Passion;N/A;N/A
Toilet: Ek Prem Katha;N/A;N/A
The Wall;N/A;N/A
Free Fire;N/A;N/A
The Last Word;N/A;N/A
Goodbye Christopher Robin;N/A;N/A
Menashe;N/A;N/A
Slamma Jamma;N/A;N/A
Along with the Gods: The Two Worlds;N/A;N/A
Jab Harry Met Sejal;N/A;N/A
Jolly Llb 2;N/A;N/A
The Little Hours;N/A;N/A
Jane (2017);N/A;N/A
Hostiles;N/A;N/A
A Ghost Story;N/A;N/A
Professor Marston & the Wonder Women;N/A;N/A
The Stray;N/A;N/A
Genesis: Paradise Lost;N/A;N/A
A Taxi Driver;N/A;N/A
Sword Art Online: The Movie - Ordinal Scale;N/A;N/A
Inhumans;N/A;N/A
Mully;N/A;N/A
Judwaa 2;N/A;N/A
The Wedding Plan;N/A;N/A
Wonder Wheel;http://www.boxofficemojo.com/movies/?page=intl&country=SE&id=wonderwheel.htm;202715
The Square;N/A;N/A
My Friend Dahmer;N/A;N/A
The Dinner;N/A;N/A
Personal Shopper;N/A;N/A
Churchill;N/A;N/A
The Sense of an Ending;N/A;N/A
Chonda Pierce: Enough;N/A;N/A
3 Idiotas;N/A;N/A
True to the Game;N/A;N/A
Steve McQueen: American Icon;N/A;N/A
The Women's Balcony;N/A;N/A
Spirited Away (Fathom Event);N/A;N/A
The Trip to Spain;N/A;N/A
Step (2017);N/A;N/A
Lady Macbeth;N/A;N/A
Viceroy's House;N/A;N/A
The Battleship Island;N/A;N/A
Wonderstruck;http://www.boxofficemojo.com/movies/?page=intl&country=SE&id=wonderstruck.htm;3832
Terminator 2: Judgment Day 3D;N/A;N/A
TCM Presents Casablanca 75th Anniversary;N/A;N/A
Columbus;N/A;N/A
Yu-Gi-Oh! The Dark Side of Dimensions;N/A;N/A
Golmaal Again;N/A;N/A
Last Flag Flying;N/A;N/A
Lucky (2017);N/A;N/A
Landline;N/A;N/A
Tubelight;N/A;N/A
The Red Turtle;N/A;N/A
Frantz;N/A;N/A
Journey to the West: The Demons Strike Back;N/A;N/A
The Polar Express (2017 re-release);N/A;N/A
Jagga Jasoos;N/A;N/A
Ex-File 3 (Qian Ren 3);N/A;N/A
Patti Cake$;N/A;N/A
George Takei's Allegiance;N/A;N/A
Mark Felt: The Man Who Brought Down the White House;N/A;N/A
Mubarakan;N/A;N/A
May It Last: A Portrait Of The Avett Brothers;N/A;N/A
Kirk Cameron REVIVE US 2;N/A;N/A
The Exception;N/A;N/A
Canelo Vs. GGG: Supremacy;N/A;N/A
Faces Places;N/A;N/A
Chris Brown: Welcome To My Life;N/A;N/A
Titanic (20th Anniversary);N/A;N/A
Lost in Paris;N/A;N/A
Shubh Mangal Saavdhan;N/A;N/A
The Devotion of Suspect X;N/A;N/A
Walk With Me;N/A;N/A
Wilson;N/A;N/A
The Only Living Boy in New York;N/A;N/A
The Midwife;N/A;N/A
Battle of Memories;N/A;N/A
Novitiate;N/A;N/A
Tommy's Honour;N/A;N/A
Bitter Harvest;N/A;N/A
Samaritan's Purse: Facing Darkness (Encore);N/A;N/A
Dolores;N/A;N/A
Brigsby Bear;N/A;N/A
Human Flow;http://www.boxofficemojo.com/movies/?page=intl&country=SE&id=humanflow.htm;6304
JONAH - On Stage!;N/A;N/A
Fairy Tail: Dragon Cry;N/A;N/A
Raw (2017);N/A;N/A
Our President;N/A;N/A
Breathe (2017);N/A;N/A
Once Upon A Time;N/A;N/A
Confidential Assignment;N/A;N/A
Beach Rats;N/A;N/A
Duckweed;N/A;N/A
DCI 2017 Tour Premeire;N/A;N/A
Phillauri;N/A;N/A
Chasing the Dragon;N/A;N/A
Sailor Moon R: The Movie;N/A;N/A
Song to Song;N/A;N/A
One Piece Film: Gold;N/A;N/A
A Gentleman;N/A;N/A
Chasing Trane: The John Coltrane Documentary;N/A;N/A
Rifftrax: Samurai Cop;N/A;N/A
I'll Push You;N/A;N/A
Rebel in the Rye;N/A;N/A
Boston: An American Running Story;N/A;N/A
Kung Fu Yoga;N/A;N/A
Disney Junior HalloVeen Party;N/A;N/A
Letters from Baghdad;N/A;N/A
Ok Jaanu;N/A;N/A
Long Strange Trip - The Untold Story of The Grateful Dead;N/A;N/A
Pearl Jam - Let's Play Two;N/A;N/A
Tom of Finland;N/A;N/A
Canelo vs. Chavez Jr.;N/A;N/A
This Is Not What I Expected;N/A;N/A
Dunkirk (Re-Issue 12/1);N/A;N/A
God's Own Country;N/A;N/A
Chuck;N/A;N/A
Obit.;N/A;N/A
Citizen Jane;N/A;N/A
City of Rock;N/A;N/A
My Life as a Zucchini;N/A;N/A
ITTEFAQ;N/A;N/A
Buddies in India;N/A;N/A
I Do... Until I Don't;N/A;N/A
After the Storm;N/A;N/A
Stalker (2017 re-release);N/A;N/A
1945;N/A;N/A
Wakefield;N/A;N/A
Cezanne et moi;N/A;N/A
Dean;N/A;N/A
The Fortress;N/A;N/A
Gook;N/A;N/A
Sarkar 3;N/A;N/A
Band Aid;N/A;N/A
Black Butler: Book of the Atlantic;N/A;N/A
The Breadwinner;N/A;N/A
The Swindlers;N/A;N/A
The Ottoman Lieutenant;N/A;N/A
Crown Heights;N/A;N/A
American Satan;N/A;N/A
Little Shop of Horrors: The Director's Cut;N/A;N/A
Jeremiah Tower;N/A;N/A
Rumble: The Indians Who Rocked The World;N/A;N/A
California Typewriter;N/A;N/A
Railroad Tigers;N/A;N/A
All I See is You;N/A;N/A
BOMBSHELL: The Hedy Lamarr Story;N/A;N/A
The Adventurers;N/A;N/A
Truman;N/A;N/A
Donnie Darko (2017 Re-Release);N/A;N/A
The Prison;N/A;N/A
Risk;N/A;N/A
Spark: A Space Tail;N/A;N/A
Film Stars Don't Die in Liverpool;N/A;N/A
Whose Streets?;N/A;N/A
The Bad Batch;N/A;N/A
Marjorie Prime;N/A;N/A
Past Life;N/A;N/A
The Other Side of Hope;N/A;N/A
Take Every Wave: The Life of Liard Hamilton;N/A;N/A
Graduation;N/A;N/A
Champion;N/A;N/A
Mr. Gaga: A True Story of Love and Dance;N/A;N/A
In This Corner of the World;N/A;N/A
David Lynch: The Art Life;N/A;N/A
2018-09-11 00:00:00;N/A;N/A
Valley of Bones;N/A;N/A
Polina;N/A;N/A
Happy End;N/A;N/A
13 Minutes;N/A;N/A
Manifesto (2017);N/A;N/A
3 Generations;N/A;N/A
The Journey;N/A;N/A
Endless Poetry;N/A;N/A
Ex Libris: The New York Public Library;N/A;N/A
The Void;N/A;N/A
The Unknown Girl;N/A;N/A
Blade of the Immortal;N/A;N/A
Restless Creature: Wendy Whelan;N/A;N/A
Big Sonia;N/A;N/A
Chavela;N/A;N/A
The Last Dalai Lama?;N/A;N/A
Irving Berlin's Holiday Inn The Broadway;N/A;N/A
Thelma;N/A;N/A
Moka;N/A;N/A
I Called Him Morgan;N/A;N/A
City of Ghosts;N/A;N/A
Marie Curie: The Courage of Knowledge;N/A;N/A
The B-Side: Elsa Dorfman's Portrait Photography;N/A;N/A
The Thousand Faces Of Dunjia_x000B_;N/A;N/A
Buena Vista Social Club: Adios;N/A;N/A
Explosion;N/A;N/A
Our Time Will Come;N/A;N/A
Abacus: Small Enough to Jail;N/A;N/A
The King's Choice;N/A;N/A
Slack Bay;N/A;N/A
The Trouble with Terkel (2017);N/A;N/A
Reset (Ni Shi Ying Jiu);N/A;N/A
Like Crazy (2017);N/A;N/A
Fabricated City;N/A;N/A
Bolshoi Ballet: Hero of our Time;N/A;N/A
Walking Out;N/A;N/A
The Lure;N/A;N/A
Score: A Film Music Documentary;N/A;N/A
In the Fade;N/A;N/A
Some Like It Hot (Qing Shung);N/A;N/A
Munna Michael;N/A;N/A
Aida's Secrets;N/A;N/A
BPM (Beats Per Minute);N/A;N/A
Poster Boys;N/A;N/A
The Mayor;N/A;N/A
The Fencer;N/A;N/A
Keep Watching;N/A;N/A
Memoir of a Murderer;N/A;N/A
The King's Case Note;N/A;N/A
Because of Gracia;N/A;N/A
Dina;N/A;N/A
Night of the Living Dead (2017 4k Restoration);N/A;N/A
Warriors of the Dawn;N/A;N/A
Chapter & Verse;N/A;N/A
Earth: One Amazing Day;N/A;N/A
The Nile Hilton Incident;N/A;N/A
Stefan Zweig: Farewell to Europe;N/A;N/A
Harold and Lillian: A Hollywood Love Story;N/A;N/A
Pop Aye;N/A;N/A
Te Ata;N/A;N/A
Buster's Mal Heart;N/A;N/A
Bill Nye: Science Guy;N/A;N/A
Turn It Around: The Story of East Bay Punk;N/A;N/A
My Entire High School Sinking Into the Sea;N/A;N/A
Alive and Kicking;N/A;N/A
The Divine Order;N/A;N/A
Architects of Denial;N/A;N/A
The Teacher;N/A;N/A
I Can Speak;N/A;N/A
Tomorrow;N/A;N/A
The Tiger Hunter;N/A;N/A
Tragedy Girls;N/A;N/A
Donald Cried;N/A;N/A
Worlds Apart;N/A;N/A
Manolo: The Boy Who Made Shoes for Lizards;N/A;N/A
The Force (2017);N/A;N/A
Bang! The Bert Berns Story;N/A;N/A
Il Boom (2017 re-release);N/A;N/A
The Paris Opera;N/A;N/A
Extraordinary Mission;N/A;N/A
God of War;N/A;N/A
My Journey Through French Cinema;N/A;N/A
Beautiful Accident;N/A;N/A
Tickling Giants;N/A;N/A
The Ornithologist;N/A;N/A
Keep Quiet;N/A;N/A
Person To Person;N/A;N/A
Napping Princess;N/A;N/A
Saving Banksy;N/A;N/A
Quest (2017);N/A;N/A
From the Land of the Moon;http://www.boxofficemojo.com/movies/?page=intl&country=SE&id=fromthelandofthemoon.htm;63282
So B. It;N/A;N/A
Twenty Two;N/A;N/A
Panique (2017 re-release);N/A;N/A
Maurice (2017 reissue);N/A;N/A
Just One Drop;N/A;N/A
Hermia & Helena;N/A;N/A
Bluebeard;N/A;N/A
The Death of Louis XIV;N/A;N/A
Woodshock;N/A;N/A
One Week and a Day;N/A;N/A
The Settlers (2017);N/A;N/A
The Sacrifice (2017 re-release);N/A;N/A
Karl Marx City;N/A;N/A
Unrest;N/A;N/A
The Commune;N/A;N/A
I am the Blues;N/A;N/A
78/52: Hitchcock's Shower Scene;N/A;N/A
A Woman's Life;N/A;N/A
School Life;N/A;N/A
Heart Blackened;N/A;N/A
Growing Up Smith;N/A;N/A
Rat Film;N/A;N/A
Sophie and the Rising Sun;N/A;N/A
Le Trou (2017 re-release);N/A;N/A
Dave Made a Maze;N/A;N/A
Afterimage;N/A;N/A
WASTED! The Story of Food Waste;N/A;N/A
Love & Taxes;N/A;N/A
Alone in Berlin;N/A;N/A
Super Dark Times;N/A;N/A
Brimstone and Glory;N/A;N/A
On the Beach at Night Alone;N/A;N/A
Sidemen: Long Road to Glory;N/A;N/A
7 Witches;N/A;N/A
XX (2017);N/A;N/A
The Wound;N/A;N/A
Dealt_x000B_;N/A;N/A
No Greater Love;N/A;N/A
In Pursuit of Silence;N/A;N/A
Uncertain;N/A;N/A
Signature Move;N/A;N/A
Nocturama;N/A;N/A
Lemon;N/A;N/A
False Confessions;N/A;N/A
Spettacolo;N/A;N/A
Berlin Syndrome;N/A;N/A
Wait For Your Laugh;N/A;N/A
Ribbons;N/A;N/A
Radio Dreams;N/A;N/A
The Villainess;N/A;N/A
The Untamed;N/A;N/A
The Crime of Monsieur Lange (2017 re-release);N/A;N/A
30 Years of Garbage: The Garbage Pail Kids Story;N/A;N/A
Bronx Gothic;N/A;N/A
Mali Blues;N/A;N/A
The Daughter;N/A;N/A
They Call Us Monsters;N/A;N/A
The Old Dark House (2017 re-issue);N/A;N/A
Birdboy: The Forgotten Children;N/A;N/A
Saving Brinton;N/A;N/A
Moscow Never Sleeps;N/A;N/A
The Marseille Trilogy;N/A;N/A
Paradise (2017) [Canada];N/A;N/A
The Departure;N/A;N/A
Naples '44;N/A;N/A
Jasmine;N/A;N/A
Simple Creature;N/A;N/A
For Ahkeem;N/A;N/A
Finding Oscar;N/A;N/A
The Grace of Jake;N/A;N/A
The Recall;N/A;N/A
My Scientology Movie;N/A;N/A
Una;N/A;N/A
Paradise Club;N/A;N/A
The Transfiguration;N/A;N/A
Bending the Arc;N/A;N/A
The Passion of Joan of Arc (2017 re-release);N/A;N/A
The Girl Without Hands;N/A;N/A
Trophy;N/A;N/A
God Knows Where I Am;N/A;N/A
Massacre on Aisle 12;N/A;N/A
A Beginner's Guide to Snuff;N/A;N/A
Whisky Galore;N/A;N/A
Man Underground;N/A;N/A
All These Sleepless Nights;N/A;N/A
The Blackcoat's Daughter;N/A;N/A
RV: Resurrected Victims;N/A;N/A
Better Watch Out;N/A;N/A
Man from Outerspace;N/A;N/A
Heat and Dust (2017 re-release);N/A;N/A
Trafficked;N/A;N/A
L'important C'est D'aimer (2017 Re-Release);N/A;N/A
Carrie Pilby;N/A;N/A
The Lucky Man;N/A;N/A
Bobbi Jene;N/A;N/A
All The Rage: Saved by Sarno;N/A;N/A
Burden;N/A;N/A
Glory (2017);N/A;N/A
Clash;N/A;N/A
Mansfield 66/67;N/A;N/A
The Last Shaman;N/A;N/A
Escapes;N/A;N/A
Sacred;N/A;N/A
Bad Grandmas;N/A;N/A
Harmonium;N/A;N/A
Food Evolution;N/A;N/A
Swim Team;N/A;N/A
The Freedom to Marry;N/A;N/A
Brave New Jersey;N/A;N/A
Mission Control: The Unsung Heroes of Apollo;N/A;N/A
All the Queen's Horses;N/A;N/A
Kills on Wheels;N/A;N/A
Contemporary Color;N/A;N/A
SHOT! The Psycho-Spiritual Mantra of Rock;N/A;N/A
Rebels on Pointe;N/A;N/A
Paradise (2017);N/A;N/A
Vince Giordano: There's a Future in the Past;N/A;N/A
The Farthest;N/A;N/A
Antarctica: Ice & Sky;N/A;N/A
Brotherhood of Blades 2: The Infernal Battlefield;N/A;N/A
Abracadabra;N/A;N/A
Porto;N/A;N/A
Time to Die;N/A;N/A
After Love;N/A;N/A
Red Trees;N/A;N/A
Legend of the Naga Pearls;N/A;N/A
Charged;N/A;N/A
Intent to Destroy;N/A;N/A
Taipei Story (2017 re-release);N/A;N/A
Song of Granite;N/A;N/A
Permanent;N/A;N/A
Junction 48;N/A;N/A
In Search of Fellini;N/A;N/A
Last Men in Aleppo;N/A;N/A
Heal (2017);N/A;N/A
Blind;N/A;N/A
Seven Beauties (2017 re-release);N/A;N/A
4 Days in France;N/A;N/A
Staying Vertical;N/A;N/A
Felicite;N/A;N/A
Shadowman;N/A;N/A
Dead Awake (2017);N/A;N/A
Beside Bowie: The Mick Ronson Story;N/A;N/A
Saigon Bodyguards;N/A;N/A
The Pathological Optimist;N/A;N/A
Ugetsu (2017 re-release);N/A;N/A
Sweet Virginia;N/A;N/A
The Challenge (2017);N/A;N/A
Lovesong;N/A;N/A
Clarence (2017);N/A;N/A
Painted Woman;N/A;N/A
Amelia 2.0;N/A;N/A
The Sunshine Makers;N/A;N/A
Pelle the Conqueror (2017 re-release);N/A;N/A
Machines;N/A;N/A
Thirst Street;N/A;N/A
Lycan;N/A;N/A
The Eyes;N/A;N/A
Julian Schnabel: A Private Portrait;N/A;N/A
Amnesia;N/A;N/A
Maigret Sets a Trap (2017 re-release);N/A;N/A
We Are the Flesh;N/A;N/A
Gilbert;N/A;N/A
Natasha;N/A;N/A
Mr. Chibbs;N/A;N/A
Served Like a Girl;N/A;N/A
Anatahan (2017 re-release);N/A;N/A
From Nowhere;N/A;N/A
Swept Away (2017 re-release);N/A;N/A
The Ballad of Lefty Brown;N/A;N/A
Overdrive;N/A;N/A
Maurizio Cattelan: Be Right Back;N/A;N/A
The Wrong Light;N/A;N/A
Birthright: A War Story;N/A;N/A
Frank Serpico;N/A;N/A
Big Time;N/A;N/A
Another WolfCop;N/A;N/A
The Jazz Funeral;N/A;N/A
The Dark Below;N/A;N/A
Ichi The Killer (2017 re-release);N/A;N/A
A Kind of Loving (2017 re-release);N/A;N/A
Footnotes;N/A;N/A
Suntan;N/A;N/A
The Persian Connection;N/A;N/A
Elizabeth Blue;N/A;N/A
Scum (2017 re-release);N/A;N/A
Last Rampage;N/A;N/A
Inseparables;N/A;N/A
The Skyjacker's Tale;N/A;N/A
In the Steps of Trisha Brown;N/A;N/A
Arise from Darkness;N/A;N/A
The Fuzz;N/A;N/A
On Wings of Eagles;N/A;N/A
Tad the Lost Explorer and the Secret of King Midas;N/A;N/A
The Work;N/A;N/A
The Vault;N/A;N/A
Trespass Against Us;N/A;N/A
The Ardennes;N/A;N/A
La Chinoise (2017 re-release);N/A;N/A
No culpes al karma;N/A;N/A
Oro;N/A;N/A
Icaros: A Vision;N/A;N/A
The Reagan Show;N/A;N/A
Man From Earth: Holocene;N/A;N/A
Reset;N/A;N/A
Bad Lucky Goat;N/A;N/A
Company Town;N/A;N/A
Starless Dreams;N/A;N/A
Shot;N/A;N/A
Night School (2017);N/A;N/A
I Love You Both;N/A;N/A
Tribes of Palos Verdes;N/A;N/A
Shakespeare Wallah (re-issue);N/A;N/A
A Boy Called Po;N/A;N/A
Vengeance: A Love Story;N/A;N/A
The Pulitzer at 100;N/A;N/A
German Concentration Camps Factual Survey;N/A;N/A
Generation Iron 2;N/A;N/A
30-Love;N/A;N/A
My Father Die;N/A;N/A
Singularity;N/A;N/A
Badsville;N/A;N/A
Dreamboat;N/A;N/A
The Woman Who Left;N/A;N/A
Second Nature;N/A;N/A
Bugs;N/A;N/A
Soul on a String;N/A;N/A
Emily (2017);N/A;N/A
La Belle Noiseuse (re-issue);N/A;N/A
Who's Crazy? (2017 re-release);N/A;N/A
Dalida;N/A;N/A
Speed Sisters;N/A;N/A
Amanda & Jack Go Glamping;N/A;N/A
Bad Match;N/A;N/A
Planetarium;N/A;N/A
Justice (2017);N/A;N/A
Heal the Living;N/A;N/A
The Levelling;N/A;N/A
Kepler's Dream;N/A;N/A
Demons;N/A;N/A
1898: Los ultimos de Filipinas;N/A;N/A
I Dream In Another Language;N/A;N/A
Santoalla;N/A;N/A
Daughter of the Nile (re-issue);N/A;N/A
Take Me;N/A;N/A
Apprentice;N/A;N/A
Miles;N/A;N/A
Miss Kiet's Children;N/A;N/A
Red Christmas;N/A;N/A
Behind the White Glasses;N/A;N/A
7 From Etheria;N/A;N/A
Dayveon;N/A;N/A
The Ghoul;N/A;N/A
Detour;N/A;N/A
Almost Friends;N/A;N/A
The Outcasts;N/A;N/A
Forest for the Trees (2017 re-release);N/A;N/A
It's Not Yet Dark;N/A;N/A
A Different American Dream;N/A;N/A
The Penguin Counters;N/A;N/A
Extraordinary Ordinary People;N/A;N/A
Amityville: The Awakening;N/A;N/A
Max & Leon;N/A;N/A
The Student;N/A;N/A
02:22:00;N/A;N/A