bom_movie_name;bom_url;mpaa_rating;production_budget_usd;total_gross_usa_usd;opening_weekend_us
Marvel's The Avengers;http://www.boxofficemojo.com/movies/?id=avengers11.htm;PG-13;220000000;623357910;207438708
The Dark Knight Rises;http://www.boxofficemojo.com/movies/?id=batman3.htm;PG-13;250000000;448139099;160887295
The Hunger Games;http://www.boxofficemojo.com/movies/?id=hungergames.htm;PG-13;78000000;408010692;152535747
Skyfall;http://www.boxofficemojo.com/movies/?id=bond23.htm;PG-13;200000000;304360277;88364714
The Hobbit: An Unexpected Journey;http://www.boxofficemojo.com/movies/?id=hobbit.htm;PG-13;N/A;303003568;84617303
The Twilight Saga: Breaking Dawn Part 2;http://www.boxofficemojo.com/movies/?id=breakingdawn2.htm;PG-13;120000000;292324737;141067634
The Amazing Spider-Man;http://www.boxofficemojo.com/movies/?id=spiderman4.htm;PG-13;230000000;262030663;62004688
Brave;http://www.boxofficemojo.com/movies/?id=bearandthebow.htm;PG;185000000;237283207;66323594
Ted;http://www.boxofficemojo.com/movies/?id=ted.htm;R;50000000;218815487;54415205
Madagascar 3: Europe's Most Wanted;http://www.boxofficemojo.com/movies/?id=madagascar3.htm;PG;145000000;216391482;60316738
Dr. Seuss' The Lorax;http://www.boxofficemojo.com/movies/?id=lorax.htm;PG;70000000;214030500;70217070
Wreck-It Ralph;http://www.boxofficemojo.com/movies/?id=rebootralph.htm;PG;165000000;189422889;49038712
Lincoln;http://www.boxofficemojo.com/movies/?id=lincoln.htm;PG-13;65000000;182207973;21049406
MIB 3;http://www.boxofficemojo.com/movies/?id=mib3.htm;PG-13;225000000;179020854;54592779
Django Unchained;http://www.boxofficemojo.com/movies/?id=djangounchained.htm;R;100000000;162805434;30122888
Ice Age: Continental Drift;http://www.boxofficemojo.com/movies/?id=iceage4.htm;PG;95000000;161321843;46629259
Snow White and the Huntsman;http://www.boxofficemojo.com/movies/?id=snowwhiteandthehuntsman.htm;PG-13;170000000;155332381;56217700
Les Miserables (2012);http://www.boxofficemojo.com/movies/?id=lesmiserables2012.htm;PG-13;61000000;148809770;27281735
Hotel Transylvania;http://www.boxofficemojo.com/movies/?id=hoteltransylvania.htm;PG;85000000;148313048;42522194
Taken 2;http://www.boxofficemojo.com/movies/?id=taken2.htm;PG-13;45000000;139854287;49514769
21 Jump Street;http://www.boxofficemojo.com/movies/?id=21jumpstreet.htm;R;42000000;138447667;36302612
Argo;http://www.boxofficemojo.com/movies/?id=argo.htm;R;44500000;136025503;19458109
Silver Linings Playbook;http://www.boxofficemojo.com/movies/?id=silverliningsplaybook.htm;R;21000000;132092958;4079314
Prometheus;http://www.boxofficemojo.com/movies/?id=prometheus.htm;R;130000000;126477084;51050101
Safe House;http://www.boxofficemojo.com/movies/?id=safehouse.htm;R;85000000;126373434;40172720
The Vow;http://www.boxofficemojo.com/movies/?id=vow.htm;PG-13;30000000;125014030;41202458
Life of Pi;http://www.boxofficemojo.com/movies/?id=lifeofpi.htm;PG;120000000;124987023;22451514
Magic Mike;http://www.boxofficemojo.com/movies/?id=magicmike.htm;R;7000000;113721571;39127170
The Bourne Legacy;http://www.boxofficemojo.com/movies/?id=bourne4.htm;PG-13;125000000;113203870;38142825
Journey 2: The Mysterious Island;http://www.boxofficemojo.com/movies/?id=journey2.htm;PG;79000000;103860290;27335363
Rise of the Guardians;http://www.boxofficemojo.com/movies/?id=guardians.htm;PG;145000000;103412758;23773465
Zero Dark Thirty;http://www.boxofficemojo.com/movies/?id=binladen.htm;R;40000000;95720716;24438936
Flight;http://www.boxofficemojo.com/movies/?id=flight.htm;R;31000000;93772375;24900566
Think Like a Man;http://www.boxofficemojo.com/movies/?id=thinklikeaman.htm;PG-13;12000000;91547205;33636303
The Campaign;http://www.boxofficemojo.com/movies/?id=rivals.htm;R;N/A;86907746;26588460
The Expendables 2;http://www.boxofficemojo.com/movies/?id=expendables2.htm;R;100000000;85028192;28591370
Wrath of the Titans;http://www.boxofficemojo.com/movies/?id=clashofthetitans2.htm;PG-13;150000000;83670083;33457188
Jack Reacher;http://www.boxofficemojo.com/movies/?id=oneshot.htm;PG-13;60000000;80070736;15210156
Dark Shadows;http://www.boxofficemojo.com/movies/?id=darkshadows.htm;PG-13;150000000;79727149;29685274
Parental Guidance;http://www.boxofficemojo.com/movies/?id=parentalguidance.htm;PG;25000000;77267296;14554053
John Carter;http://www.boxofficemojo.com/movies/?id=johncarterofmars.htm;PG-13;250000000;73078100;30180188
Act of Valor;http://www.boxofficemojo.com/movies/?id=actofvalor.htm;R;12000000;70012847;24476632
This Is 40;http://www.boxofficemojo.com/movies/?id=apatow.htm;R;35000000;67544505;11579175
Contraband;http://www.boxofficemojo.com/movies/?id=contraband.htm;R;25000000;66528000;24349815
Looper;http://www.boxofficemojo.com/movies/?id=loopers.htm;R;30000000;66486205;20801552
Tyler Perry's Madea's Witness Protection;http://www.boxofficemojo.com/movies/?id=madeaswitnessprotection.htm;PG-13;20000000;65653242;25390575
Battleship;http://www.boxofficemojo.com/movies/?id=battleship.htm;PG-13;209000000;65422625;25534825
Pitch Perfect;http://www.boxofficemojo.com/movies/?id=pitchperfect.htm;PG-13;17000000;65001093;14846830
Mirror Mirror;http://www.boxofficemojo.com/movies/?id=untitledsnowwhite.htm;PG;85000000;64935167;18132085
Chronicle (2012);http://www.boxofficemojo.com/movies/?id=chronicle2012.htm;PG-13;12000000;64575175;22004098
Hope Springs;http://www.boxofficemojo.com/movies/?id=greathopesprings.htm;PG-13;N/A;63536011;14650121
Underworld Awakening;http://www.boxofficemojo.com/movies/?id=underworld4.htm;R;70000000;62321039;25306725
The Lucky One;http://www.boxofficemojo.com/movies/?id=luckyone.htm;PG-13;N/A;60457138;22518358
The Dictator;http://www.boxofficemojo.com/movies/?id=dictator.htm;R;65000000;59650222;17435092
Total Recall (2012);http://www.boxofficemojo.com/movies/?id=totalrecall2012.htm;PG-13;125000000;58877969;25577758
Titanic 3D;http://www.boxofficemojo.com/movies/?id=titanic3d.htm;PG-13;18000000;57884114;17285453
American Reunion;http://www.boxofficemojo.com/movies/?id=americanreunion.htm;R;50000000;57011521;21514080
ParaNorman;http://www.boxofficemojo.com/movies/?id=paranorman.htm;PG;60000000;56003051;14087050
This Means War;http://www.boxofficemojo.com/movies/?id=thismeanwar.htm;PG-13;65000000;54760791;17405930
Project X;http://www.boxofficemojo.com/movies/?id=projectx2011.htm;R;N/A;54731865;21051363
The Woman in Black;http://www.boxofficemojo.com/movies/?id=womaninblack.htm;PG-13;N/A;54333290;20874072
Paranormal Activity 4;http://www.boxofficemojo.com/movies/?id=paranormalactivity4.htm;R;5000000;53900335;29003866
The Devil Inside;http://www.boxofficemojo.com/movies/?id=devilinside.htm;R;1000000;53261944;33732515
The Odd Life of Timothy Green;http://www.boxofficemojo.com/movies/?id=oddlifeoftimothygreen.htm;PG;N/A;51854875;10822903
Ghost Rider: Spirit of Vengeance;http://www.boxofficemojo.com/movies/?id=ghostrider2.htm;PG-13;57000000;51774002;22115334
The Grey;http://www.boxofficemojo.com/movies/?id=grey.htm;R;25000000;51580236;19665101
Red Tails;http://www.boxofficemojo.com/movies/?id=redtails.htm;PG-13;58000000;49876377;18782154
The Possession;http://www.boxofficemojo.com/movies/?id=dibbukbox.htm;PG-13;14000000;49130154;17732480
Diary of a Wimpy Kid: Dog Days;http://www.boxofficemojo.com/movies/?id=diaryofawimpykid3.htm;PG;22000000;49008662;14623599
Sinister;http://www.boxofficemojo.com/movies/?id=sinister.htm;R;3000000;48086903;18007634
Beauty and the Beast (3D);http://www.boxofficemojo.com/movies/?id=beautyandthebeast3d.htm;G;N/A;47617067;17751905
Savages (2012);http://www.boxofficemojo.com/movies/?id=savages12.htm;R;45000000;47382068;16016910
The Best Exotic Marigold Hotel;http://www.boxofficemojo.com/movies/?id=bestexoticmarigoldhotel.htm;PG-13;10000000;46412041;6383203
Moonrise Kingdom;http://www.boxofficemojo.com/movies/?id=moonrisekingdom.htm;PG-13;16000000;45512466;4926837
Here Comes the Boom;http://www.boxofficemojo.com/movies/?id=herecomestheboom.htm;PG;N/A;45290318;11816596
Red Dawn (2012);http://www.boxofficemojo.com/movies/?id=reddawn10.htm;PG-13;65000000;44806783;14276668
The Three Stooges;http://www.boxofficemojo.com/movies/?id=threestooges.htm;PG;30000000;44338224;17010125
Star Wars: Episode I - The Phantom Menace (in 3D);http://www.boxofficemojo.com/movies/?id=starwars3d.htm;PG;N/A;43456382;22469932
Resident Evil: Retribution;http://www.boxofficemojo.com/movies/?id=residentevil5.htm;R;65000000;42345531;21052227
The Cabin in the Woods;http://www.boxofficemojo.com/movies/?id=cabininthewoods.htm;R;N/A;42073277;14743614
What to Expect When You're Expecting;http://www.boxofficemojo.com/movies/?id=whattoexpect.htm;PG-13;40000000;41152203;10547068
Finding Nemo (3D);http://www.boxofficemojo.com/movies/?id=findingnemo3d.htm;G;N/A;41128283;16687773
End of Watch;http://www.boxofficemojo.com/movies/?id=endofwatch.htm;R;7000000;41003371;13152683
Rock of Ages;http://www.boxofficemojo.com/movies/?id=rockofages.htm;PG-13;75000000;38518613;14437269
Abraham Lincoln: Vampire Hunter;http://www.boxofficemojo.com/movies/?id=abrahamlincolnvampirehunter.htm;R;69000000;37519139;16306974
Lawless;http://www.boxofficemojo.com/movies/?id=wettestcountry.htm;R;N/A;37400127;10001982
The Guilt Trip;http://www.boxofficemojo.com/movies/?id=mymotherscurse.htm;PG-13;40000000;37134215;5290629
That's My Boy;http://www.boxofficemojo.com/movies/?id=ihateyoudad.htm;R;70000000;36931089;13453714
Trouble with the Curve;http://www.boxofficemojo.com/movies/?id=troublewiththecurve.htm;PG-13;N/A;35763137;12162040
The Watch;http://www.boxofficemojo.com/movies/?id=neighborhoodwatch.htm;R;68000000;35353000;12750297
Frankenweenie;http://www.boxofficemojo.com/movies/?id=frankenweenie.htm;PG;39000000;35291068;11412213
Step Up Revolution;http://www.boxofficemojo.com/movies/?id=stepup4.htm;PG-13;33000000;35074677;11731708
Tyler Perry's Good Deeds;http://www.boxofficemojo.com/movies/?id=gooddeeds.htm;PG-13;N/A;35025791;15583924
Monsters, Inc. (3D);http://www.boxofficemojo.com/movies/?id=monstersinc3d.htm;G;N/A;34043006;4774686
2016 Obama's America;http://www.boxofficemojo.com/movies/?id=2016obamasamerica.htm;PG;N/A;33449086;6509433
House at the End of The Street;http://www.boxofficemojo.com/movies/?id=houseattheendofthestreet.htm;PG-13;10000000;31611916;12287234
The Pirates! Band of Misfits;http://www.boxofficemojo.com/movies/?id=pirates12.htm;PG;55000000;31051126;11137734
Joyful Noise;http://www.boxofficemojo.com/movies/?id=joyfulnoise.htm;PG-13;N/A;30932113;11225190
Chimpanzee;http://www.boxofficemojo.com/movies/?id=chimpanzee.htm;G;N/A;28972764;10673748
The Five-Year Engagement;http://www.boxofficemojo.com/movies/?id=fiveyearengagement.htm;R;30000000;28835528;10610060
Cloud Atlas;http://www.boxofficemojo.com/movies/?id=cloudatlas.htm;R;N/A;27108272;9612247
One For the Money;http://www.boxofficemojo.com/movies/?id=oneforthemoney.htm;PG-13;40000000;26414527;11515790
Alex Cross;http://www.boxofficemojo.com/movies/?id=alexcross.htm;PG-13;35000000;25888412;11396768
Katy Perry: Part of Me;http://www.boxofficemojo.com/movies/?id=katyperry.htm;PG;12000000;25326071;7138266
Sparkle (2012);http://www.boxofficemojo.com/movies/?id=sparkle2012.htm;PG-13;14000000;24397469;11643342
Premium Rush;http://www.boxofficemojo.com/movies/?id=premiumrush.htm;PG-13;35000000;20275446;6030164
Big Miracle;http://www.boxofficemojo.com/movies/?id=everybodyloveswhales.htm;PG;40000000;20157300;7760205
The Secret World of Arrietty;http://www.boxofficemojo.com/movies/?id=arrietty.htm;G;N/A;19202743;6446395
The Impossible;http://www.boxofficemojo.com/movies/?id=impossible.htm;PG-13;N/A;19019882;2531117
Haywire;http://www.boxofficemojo.com/movies/?id=haywire.htm;R;23000000;18942396;8425370
Man on a Ledge;http://www.boxofficemojo.com/movies/?id=manonaledge.htm;PG-13;42000000;18620000;8001932
A Thousand Words;http://www.boxofficemojo.com/movies/?id=athousandwords.htm;PG-13;40000000;18450127;6176280
Chernobyl Diaries;http://www.boxofficemojo.com/movies/?id=chernobyldiaries.htm;R;N/A;18119640;7955307
The Perks of Being a Wallflower;http://www.boxofficemojo.com/movies/?id=perksofbeingawallflower.htm;PG-13;N/A;17742948;2150064
Silent Hill: Revelation 3D;http://www.boxofficemojo.com/movies/?id=silenthill2.htm;R;20000000;17529157;8023036
Wanderlust;http://www.boxofficemojo.com/movies/?id=wanderlust.htm;R;N/A;17450535;6526650
Safe (2012);http://www.boxofficemojo.com/movies/?id=safe2011.htm;R;N/A;17142080;7892539
To Rome with Love;http://www.boxofficemojo.com/movies/?id=nerofiddled.htm;R;N/A;16685867;3111627
The Master;http://www.boxofficemojo.com/movies/?id=themaster.htm;R;N/A;16377274;4391092
The Raven;http://www.boxofficemojo.com/movies/?id=raven.htm;R;26000000;16008272;7289642
The Man with the Iron Fists;http://www.boxofficemojo.com/movies/?id=manwiththeironfists.htm;R;15000000;15634090;7910980
Killing Them Softly;http://www.boxofficemojo.com/movies/?id=coganstrade.htm;R;15000000;15026056;6812900
Seven Psychopaths;http://www.boxofficemojo.com/movies/?id=sevenpsychopaths.htm;R;15000000;15024049;4174915
To the Arctic (IMAX);http://www.boxofficemojo.com/movies/?id=tothearctic.htm;G;N/A;14522130;270228
Lockout;http://www.boxofficemojo.com/movies/?id=lockout.htm;PG-13;20000000;14326864;6231836
Hit and Run;http://www.boxofficemojo.com/movies/?id=hitandrun.htm;R;2000000;13749300;4526222
Dredd;http://www.boxofficemojo.com/movies/?id=dredd.htm;R;50000000;13414714;6278491
Playing for Keeps;http://www.boxofficemojo.com/movies/?id=playingthefield.htm;PG-13;N/A;13102272;5750288
Anna Karenina;http://www.boxofficemojo.com/movies/?id=annakarenina2012.htm;R;N/A;12816367;320690
Beasts of the Southern Wild;http://www.boxofficemojo.com/movies/?id=beastsofthesouthernwild.htm;PG-13;N/A;12795746;169702
Silent House;http://www.boxofficemojo.com/movies/?id=silenthouse.htm;R;N/A;12754783;6661234
Cirque Du Soleil: Worlds Away;http://www.boxofficemojo.com/movies/?id=cirquedusoleil.htm;PG;N/A;12512862;2162993
People Like Us;http://www.boxofficemojo.com/movies/?id=peoplelikeus.htm;PG-13;16000000;12434778;4255423
Gone;http://www.boxofficemojo.com/movies/?id=gone.htm;PG-13;N/A;11682205;4770360
The Words;http://www.boxofficemojo.com/movies/?id=words2012.htm;PG-13;6000000;11494838;4750894
The Intouchables (U.S.-only);http://www.boxofficemojo.com/movies/?id=intouchables.htm;R;N/A;10198820;103507
Fun Size;http://www.boxofficemojo.com/movies/?id=funsize.htm;PG-13;14000000;9409538;4101017
Bernie;http://www.boxofficemojo.com/movies/?id=bernie.htm;PG-13;N/A;9206470;85805
Salmon Fishing in the Yemen;http://www.boxofficemojo.com/movies/?id=salmonfishing.htm;PG-13;N/A;9047981;225894
Arbitrage;http://www.boxofficemojo.com/movies/?id=arbitrage.htm;R;N/A;7919574;2002165
Promised Land (2012);http://www.boxofficemojo.com/movies/?id=promisedland2012.htm;R;N/A;7597898;4049911
Friends with Kids;http://www.boxofficemojo.com/movies/?id=friendswithkids.htm;R;N/A;7251073;1454561
Seeking a Friend for the End of the World;http://www.boxofficemojo.com/movies/?id=seekingafriend.htm;R;10000000;7078738;3822803
The Collection;http://www.boxofficemojo.com/movies/?id=collection.htm;R;N/A;6842058;3104269
Amour;http://www.boxofficemojo.com/movies/?id=amour.htm;PG-13;8900000;6739492;68266
Hyde Park on Hudson;http://www.boxofficemojo.com/movies/?id=hydepark.htm;R;N/A;6376145;81362
Hitchcock;http://www.boxofficemojo.com/movies/?id=hitchcock.htm;PG-13;N/A;6008677;287715
Chasing Mavericks;http://www.boxofficemojo.com/movies/?id=ofmenandmavericks.htm;PG;20000000;6002756;2268274
The Sessions;http://www.boxofficemojo.com/movies/?id=sixsessions.htm;R;N/A;6002451;113467
Casa De Mi Padre;http://www.boxofficemojo.com/movies/?id=casademipadre.htm;R;N/A;5909483;2287239
For Greater Glory;http://www.boxofficemojo.com/movies/?id=forgreaterglory.htm;R;N/A;5672846;1885608
Won't Back Down;http://www.boxofficemojo.com/movies/?id=learningtofly.htm;PG;N/A;5310554;2603370
October Baby (2012);http://www.boxofficemojo.com/movies/?id=octoberbaby2012.htm;PG-13;N/A;5157886;1697130
The Apparition;http://www.boxofficemojo.com/movies/?id=apparition.htm;PG-13;17000000;4936819;2841488
Jeff, Who Lives at Home;http://www.boxofficemojo.com/movies/?id=jeffwholivesathome.htm;R;N/A;4269426;855709
Goon;http://www.boxofficemojo.com/movies/?id=goon.htm;R;N/A;4168528;1232860
The Raid: Redemption;http://www.boxofficemojo.com/movies/?id=raid.htm;R;N/A;4105187;961454
Safety Not Guaranteed;http://www.boxofficemojo.com/movies/?id=safetynotguaranteed.htm;R;N/A;4010957;97762
Bully (PG-13);http://www.boxofficemojo.com/movies/?id=bullypg13.htm;PG-13;N/A;3863446;535433
The Cold Light of Day;http://www.boxofficemojo.com/movies/?id=coldlightofday.htm;PG-13;N/A;3763583;1831588
Searching for Sugar Man;http://www.boxofficemojo.com/movies/?id=searchingforsugarman.htm;PG-13;N/A;3696196;27459
Nitro Circus the Movie 3D;http://www.boxofficemojo.com/movies/?id=nitrocircus.htm;PG-13;N/A;3377618;1183701
Atlas Shrugged: Part II;http://www.boxofficemojo.com/movies/?id=atlasshruggedpart2.htm;PG-13;N/A;3336053;1751572
Last Ounce of Courage;http://www.boxofficemojo.com/movies/?id=lastounceofcourage.htm;PG;N/A;3329674;1585994
Robot & Frank;http://www.boxofficemojo.com/movies/?id=robotandfrank.htm;PG-13;N/A;3325038;35539
Raiders of the Lost Ark (IMAX);http://www.boxofficemojo.com/movies/?id=raidersimax.htm;PG;N/A;3125613;1673731
Celeste and Jesse Forever;http://www.boxofficemojo.com/movies/?id=celesteandjesseforever.htm;R;N/A;3094813;107785
Jab Tak Hai Jaan;http://www.boxofficemojo.com/movies/?id=yashchopra.htm;N/A;N/A;3047539;1283585
Albert Nobbs;http://www.boxofficemojo.com/movies/?id=albertnobbs.htm;R;N/A;3014696;696088
Talaash;http://www.boxofficemojo.com/movies/?id=talaash.htm;N/A;N/A;2871956;1638706
Barfi!;http://www.boxofficemojo.com/movies/?id=barfi.htm;N/A;N/A;2804874;1061713
Samsara;http://www.boxofficemojo.com/movies/?id=samsara.htm;PG-13;N/A;2672413;76222
Girl in Progress;http://www.boxofficemojo.com/movies/?id=girlinprogress.htm;PG-13;N/A;2609412;1384078
Jiro Dreams of Sushi;http://www.boxofficemojo.com/movies/?id=jirodreamsofsushi.htm;PG;N/A;2552478;42035
Ruby Sparks;http://www.boxofficemojo.com/movies/?id=rubysparks.htm;R;N/A;2540106;140822
Dabangg 2;http://www.boxofficemojo.com/movies/?id=debangg2.htm;N/A;N/A;2519190;1019213
The Queen of Versailles;http://www.boxofficemojo.com/movies/?id=queenofversailles.htm;PG;N/A;2401999;51326
Ek Tha Tiger;http://www.boxofficemojo.com/movies/?id=ekthatiger.htm;N/A;N/A;2347774;1139340
Sleepwalk with Me;http://www.boxofficemojo.com/movies/?id=sleepwalkwithme.htm;PG-13;N/A;2266067;68801
Rust and Bone;http://www.boxofficemojo.com/movies/?id=rustandbone.htm;R;N/A;2062027;27154
Monsieur Lazhar (U.S.-only);http://www.boxofficemojo.com/movies/?id=monsieurlazhar.htm;PG-13;N/A;2009517;112190
Footnote;http://www.boxofficemojo.com/movies/?id=footnote.htm;PG;N/A;2007758;47528
Killer Joe;http://www.boxofficemojo.com/movies/?id=killerjoe.htm;NC-17;N/A;1987762;37900
Agneepath;http://www.boxofficemojo.com/movies/?id=agneepath.htm;N/A;N/A;1986748;1140464
English Vinglish;http://www.boxofficemojo.com/movies/?id=englishvinglish.htm;N/A;N/A;1862086;745414
Crooked Arrows;http://www.boxofficemojo.com/movies/?id=crookedarrows.htm;PG-13;N/A;1832541;257364
Hysteria;http://www.boxofficemojo.com/movies/?id=hysteria.htm;R;N/A;1804139;35656
Housefull 2;http://www.boxofficemojo.com/movies/?id=housefull2.htm;N/A;N/A;1791780;847132
2012 Oscar Nominated Short Films;http://www.boxofficemojo.com/movies/?id=2012oscarshorts.htm;N/A;N/A;1702415;412304
Your Sister's Sister;http://www.boxofficemojo.com/movies/?id=yoursisterssister.htm;R;N/A;1636190;109221
Singin' In the Rain (2012 re-release);http://www.boxofficemojo.com/movies/?id=singinintherain2012.htm;G;N/A;1608925;N/A
Farewell My Queen;http://www.boxofficemojo.com/movies/?id=farewellmyqueen.htm;R;N/A;1597998;72100
A Late Quartet;http://www.boxofficemojo.com/movies/?id=alatequartet.htm;R;N/A;1562546;75279
A Royal Affair;http://www.boxofficemojo.com/movies/?id=aroyalaffair.htm;R;N/A;1546761;38212
The Dark Knight (2012 re-release);http://www.boxofficemojo.com/movies/?id=darkknight2012.htm;PG-13;N/A;1513086;N/A
Batman Begins (2012 re-release);http://www.boxofficemojo.com/movies/?id=batman2012.htm;PG-13;N/A;1508658;N/A
Kid With a Bike;http://www.boxofficemojo.com/movies/?id=kidwithabike.htm;PG-13;N/A;1470000;45933
Marley;http://www.boxofficemojo.com/movies/?id=marley.htm;PG-13;N/A;1413480;262004
Chasing Ice;http://www.boxofficemojo.com/movies/?id=chasingice.htm;PG-13;N/A;1328467;N/A
Air Racers 3D;http://www.boxofficemojo.com/movies/?id=airracers.htm;N/A;N/A;1309987;N/A
The Other Son;http://www.boxofficemojo.com/movies/?id=otherson.htm;PG-13;N/A;1285918;125691
For a Good Time, Call... ;http://www.boxofficemojo.com/movies/?id=foragoodtimecall.htm;R;N/A;1251749;143935
Take This Waltz;http://www.boxofficemojo.com/movies/?id=takethiswaltz.htm;R;N/A;1239692;137019
Cocktail (2012);http://www.boxofficemojo.com/movies/?id=cocktail2012.htm;N/A;N/A;1227789;647956
Bol Bachchan;http://www.boxofficemojo.com/movies/?id=bolbachchan.htm;PG;N/A;1216258;561996
Woman Thou Art Loosed!: On the 7th Day;http://www.boxofficemojo.com/movies/?id=womanthouartloosed2.htm;PG-13;N/A;1213128;641542
Headhunters;http://www.boxofficemojo.com/movies/?id=headhunters.htm;R;N/A;1200010;43013
Casablanca (2012 re-release);http://www.boxofficemojo.com/movies/?id=casablanca2012.htm;PG;N/A;1155330;N/A
The Deep Blue Sea;http://www.boxofficemojo.com/movies/?id=deepbluesea12.htm;R;N/A;1126525;123841
Oogieloves In The BIG Balloon Adventure;http://www.boxofficemojo.com/movies/?id=oogieloves.htm;G;20000000;1065907;443901
In Darkness;http://www.boxofficemojo.com/movies/?id=indarkness.htm;R;N/A;1041455;27413
Diana Vreeland: The Eye Has to Travel;http://www.boxofficemojo.com/movies/?id=dianavreeland.htm;PG-13;N/A;1017579;63700
First Position;http://www.boxofficemojo.com/movies/?id=firstposition.htm;N/A;N/A;1014071;48024
Barbara;http://www.boxofficemojo.com/movies/?id=barbara.htm;PG-13;N/A;1013902;63410
Damsels in Distress;http://www.boxofficemojo.com/movies/?id=damselsindistress.htm;PG-13;N/A;1008455;58589
Unconditional;http://www.boxofficemojo.com/movies/?id=unconditional.htm;PG-13;N/A;1005800;525192
Burn;http://www.boxofficemojo.com/movies/?id=burn.htm;N/A;N/A;996103;N/A
Rampart;http://www.boxofficemojo.com/movies/?id=rampart.htm;R;N/A;972512;60446
Masquerade (2012);http://www.boxofficemojo.com/movies/?id=masquerade2012.htm;N/A;N/A;922921;N/A
The Imposter;http://www.boxofficemojo.com/movies/?id=imposter2012.htm;N/A;N/A;898317;22379
Bill W.;http://www.boxofficemojo.com/movies/?id=billw.htm;N/A;N/A;809590;N/A
Darling Companion;http://www.boxofficemojo.com/movies/?id=darlingcompanion.htm;PG-13;N/A;793815;39962
Thin Ice;http://www.boxofficemojo.com/movies/?id=thinice.htm;R;N/A;790421;183527
Teri Meri Kahaani;http://www.boxofficemojo.com/movies/?id=terimerikahaani.htm;N/A;N/A;781196;405926
Meerkats;http://www.boxofficemojo.com/movies/?id=meerkats.htm;N/A;N/A;777595;N/A
Rowdy Rathore;http://www.boxofficemojo.com/movies/?id=rowdyrathore.htm;N/A;N/A;777373;381784
Son of Sardaar;http://www.boxofficemojo.com/movies/?id=sonofsardaar.htm;N/A;N/A;771789;341552
Cosmopolis;http://www.boxofficemojo.com/movies/?id=cosmopolis.htm;R;N/A;763556;70339
Coriolanus;http://www.boxofficemojo.com/movies/?id=coriolanus.htm;R;N/A;757195;61136
On the Road;http://www.boxofficemojo.com/movies/?id=ontheroad.htm;R;N/A;744296;39550
Agent Vinod;http://www.boxofficemojo.com/movies/?id=agentvinod.htm;N/A;N/A;698210;427043
The Paperboy;http://www.boxofficemojo.com/movies/?id=paperboy.htm;R;N/A;693286;102706
The Thieves;http://www.boxofficemojo.com/movies/?id=thieves.htm;N/A;N/A;685839;136993
Student of the Year;http://www.boxofficemojo.com/movies/?id=studentoftheyear.htm;N/A;N/A;670086;326508
The Polar Express (2012 re-issue);http://www.boxofficemojo.com/movies/?id=polarexpress2012.htm;G;N/A;669289;73514
Holy Motors;http://www.boxofficemojo.com/movies/?id=holymotors.htm;N/A;N/A;641100;18866
2 Days in New York;http://www.boxofficemojo.com/movies/?id=2daysinnewyork.htm;R;N/A;633210;23942
Not Fade Away;http://www.boxofficemojo.com/movies/?id=davidchase2012.htm;R;20000000;610792;19182
Heroine;http://www.boxofficemojo.com/movies/?id=heroine.htm;N/A;N/A;598668;389901
Blue Like Jazz;http://www.boxofficemojo.com/movies/?id=bluelikejazz.htm;PG-13;N/A;595018;261190
Peace, Love and Misunderstanding;http://www.boxofficemojo.com/movies/?id=peacelove.htm;R;N/A;590700;105960
Thunderstruck;http://www.boxofficemojo.com/movies/?id=thunderstruck.htm;PG;N/A;587211;N/A
W.E.;http://www.boxofficemojo.com/movies/?id=wemadonna.htm;R;N/A;583455;47074
Undefeated (2012);http://www.boxofficemojo.com/movies/?id=undefeated2012.htm;PG-13;N/A;562218;33165
Vicky Donor;http://www.boxofficemojo.com/movies/?id=vickydonor.htm;N/A;N/A;549001;169209
We Have a Pope;http://www.boxofficemojo.com/movies/?id=wehaveapope.htm;N/A;N/A;548115;31368
Being Flynn;http://www.boxofficemojo.com/movies/?id=beingflynn.htm;R;N/A;540152;43990
Ai Weiwei: Never Sorry;http://www.boxofficemojo.com/movies/?id=aiweiweineversorry.htm;R;N/A;534100;41104
Where Do We Go Now?;http://www.boxofficemojo.com/movies/?id=wheredowegonow.htm;PG-13;N/A;531997;15382
Shut Up and Play the Hits;http://www.boxofficemojo.com/movies/?id=shutupandplaythehits.htm;N/A;N/A;510334;N/A
Delicacy;http://www.boxofficemojo.com/movies/?id=delicacy.htm;PG-13;N/A;498584;N/A
The Flat;http://www.boxofficemojo.com/movies/?id=flat.htm;N/A;N/A;471842;19916
Bachelorette;http://www.boxofficemojo.com/movies/?id=bachelorette.htm;R;N/A;447954;181494
Ferrari Ki Sawaari;http://www.boxofficemojo.com/movies/?id=ferrarikisawaari.htm;N/A;N/A;434107;240792
Seeking Justice;http://www.boxofficemojo.com/movies/?id=seekingjustice.htm;R;N/A;411746;249912
Sound of My Voice;http://www.boxofficemojo.com/movies/?id=soundofmyvoice.htm;R;N/A;408015;36134
Detropia;http://www.boxofficemojo.com/movies/?id=detropia.htm;N/A;N/A;390024;17414
The Well-Digger's Daughter;http://www.boxofficemojo.com/movies/?id=welldiggersdaughter.htm;N/A;N/A;386368;10273
Khiladi 786;http://www.boxofficemojo.com/movies/?id=khiladi786.htm;N/A;N/A;379466;228967
Smashed;http://www.boxofficemojo.com/movies/?id=smashed.htm;R;N/A;376597;26943
Piranha 3DD;http://www.boxofficemojo.com/movies/?id=piranha3dd.htm;R;N/A;376512;182237
The Oranges;http://www.boxofficemojo.com/movies/?id=oranges.htm;R;N/A;366377;198461
The Lady;http://www.boxofficemojo.com/movies/?id=lady2011.htm;R;N/A;355391;/a
Branded;http://www.boxofficemojo.com/movies/?id=branded.htm;R;N/A;353513;240589
Chico & Rita;http://www.boxofficemojo.com/movies/?id=chicoandrita.htm;N/A;N/A;350524;20654
A Werewolf Boy;http://www.boxofficemojo.com/movies/?id=werewolfboy.htm;N/A;N/A;342922;/a
Red Hook Summer;http://www.boxofficemojo.com/movies/?id=redhooksummer.htm;R;N/A;338803;40070
Liberal Arts;http://www.boxofficemojo.com/movies/?id=liberalarts.htm;PG-13;N/A;327345;27435
The Central Park Five;http://www.boxofficemojo.com/movies/?id=centralparkfive.htm;N/A;N/A;325653;30570
Compliance;http://www.boxofficemojo.com/movies/?id=compliance.htm;R;N/A;319285;16427
The Salt of Life;http://www.boxofficemojo.com/movies/?id=saltoflife.htm;N/A;N/A;317405;19176
Back to 1942;http://www.boxofficemojo.com/movies/?id=backto1942.htm;N/A;N/A;312954;105702
The Flowers of War;http://www.boxofficemojo.com/movies/?id=flowersofwar.htm;R;N/A;311434;48448
West of Memphis;http://www.boxofficemojo.com/movies/?id=westofmemphis.htm;R;N/A;310154;13360
A Cat in Paris;http://www.boxofficemojo.com/movies/?id=acatinparis.htm;PG;N/A;309973;34554
Love (2012);http://www.boxofficemojo.com/movies/?id=love2012.htm;N/A;N/A;309200;83178
Stolen (2012);http://www.boxofficemojo.com/movies/?id=stolen2012.htm;R;N/A;304318;183125
Something From Nothing: The Art of Rap;http://www.boxofficemojo.com/movies/?id=artofrap.htm;R;N/A;288312;150337
Bully (2012);http://www.boxofficemojo.com/movies/?id=bullyproject.htm;N/A;N/A;279202;116472
Love in the Buff;http://www.boxofficemojo.com/movies/?id=loveinthebuff.htm;N/A;N/A;256451;91233
Boy (2012);http://www.boxofficemojo.com/movies/?id=boy2012.htm;N/A;N/A;256211;21244
Chicken with Plums;http://www.boxofficemojo.com/movies/?id=chickenwithplums.htm;PG-13;N/A;253874;11301
Lola Versus;http://www.boxofficemojo.com/movies/?id=lolaversus.htm;R;N/A;252603;31815
Keep the Lights On;http://www.boxofficemojo.com/movies/?id=keepthelightson.htm;N/A;N/A;246112;55574
The Waiting Room;http://www.boxofficemojo.com/movies/?id=waitingroom.htm;N/A;N/A;244951;7086
My Uncle Rafael;http://www.boxofficemojo.com/movies/?id=myunclerafael.htm;PG-13;N/A;243616;109747
Gerhard Richter Painting;http://www.boxofficemojo.com/movies/?id=gerhardrichterpainting.htm;N/A;N/A;242646;13537
Trishna;http://www.boxofficemojo.com/movies/?id=trishna.htm;R;N/A;240381;29140
Middle of Nowhere (2012);http://www.boxofficemojo.com/movies/?id=middleofnowhere2012.htm;R;200000;236806;67909
Elena;http://www.boxofficemojo.com/movies/?id=elena.htm;N/A;N/A;233380;9035
Tezz;http://www.boxofficemojo.com/movies/?id=tezz.htm;N/A;N/A;229931;148133
The Viral Factor;http://www.boxofficemojo.com/movies/?id=viralfactor.htm;N/A;N/A;220496;63235
Brooklyn Castle;http://www.boxofficemojo.com/movies/?id=brooklyncastle.htm;PG;N/A;219407;18761
Neil Young Journeys;http://www.boxofficemojo.com/movies/?id=neilyoungjourneys.htm;PG;N/A;215026;12025
Thaandavam;http://www.boxofficemojo.com/movies/?id=thaandavam.htm;N/A;N/A;213476;129044
Tai Chi Zero;http://www.boxofficemojo.com/movies/?id=taichi.htm;PG-13;N/A;212094;85094
Polisse;http://www.boxofficemojo.com/movies/?id=polisse.htm;N/A;N/A;211440;16568
Somewhere Between;http://www.boxofficemojo.com/movies/?id=somewherebetween.htm;N/A;N/A;210975;7799
The House I Live In;http://www.boxofficemojo.com/movies/?id=houseilivein.htm;N/A;N/A;210752;16453
The Awakening (2012);http://www.boxofficemojo.com/movies/?id=awakening2012.htm;R;N/A;209696;95933
Little White Lies;http://www.boxofficemojo.com/movies/?id=littlewhitelies.htm;N/A;N/A;206088;25654
Easy Money (2012);http://www.boxofficemojo.com/movies/?id=easymoney2012.htm;R;N/A;205741;24684
Vettai;http://www.boxofficemojo.com/movies/?id=vettai.htm;N/A;N/A;204373;87921
Touchback;http://www.boxofficemojo.com/movies/?id=touchback.htm;PG-13;N/A;204232;66998
10 Years;http://www.boxofficemojo.com/movies/?id=10years.htm;PG-13;N/A;203373;22707
Tim & Eric's Billion Dollar Movie;http://www.boxofficemojo.com/movies/?id=timanderic.htm;R;N/A;201436;87475
Any Day Now;http://www.boxofficemojo.com/movies/?id=anydaynow.htm;R;N/A;201395;40489
A Simple Life;http://www.boxofficemojo.com/movies/?id=simplelife.htm;N/A;N/A;191826;43372
Puella Magi Madoka Magica the Movie;http://www.boxofficemojo.com/movies/?id=puellamagi.htm;N/A;N/A;180440;62340
Lost Woods;http://www.boxofficemojo.com/movies/?id=lostwoods.htm;N/A;N/A;180117;58240
Fullmetal Alchemist: The Sacred Star of Milos;http://www.boxofficemojo.com/movies/?id=fullmetalalchemist2012.htm;N/A;N/A;177802;119300
Tere Naal Love Ho Gaya;http://www.boxofficemojo.com/movies/?id=terenaallovehogaya.htm;N/A;N/A;177743;94583
Monumental: In Search of America's National Treasure;http://www.boxofficemojo.com/movies/?id=monumental2012.htm;PG;N/A;177729;28340
The Hunter (2012);http://www.boxofficemojo.com/movies/?id=hunter2012.htm;R;N/A;176669;19032
Grand Illusion (2012 re-release);http://www.boxofficemojo.com/movies/?id=grandillusion2012.htm;N/A;N/A;174065;7526
Battlefield America;http://www.boxofficemojo.com/movies/?id=battlefieldamerica.htm;PG-13;N/A;172000;113882
Flying Swords of Dragon Gate;http://www.boxofficemojo.com/movies/?id=flyingswordsofdragongate.htm;R;N/A;170276;95452
Joker;http://www.boxofficemojo.com/movies/?id=joker.htm;N/A;N/A;169181;105366
Dark Horse;http://www.boxofficemojo.com/movies/?id=darkhorse.htm;N/A;N/A;166228;13551
The Big Picture (2012);http://www.boxofficemojo.com/movies/?id=bigpicture2012.htm;N/A;N/A;158411;13760
Crazy Horse;http://www.boxofficemojo.com/movies/?id=crazyhorse.htm;N/A;N/A;157782;7963
Elles;http://www.boxofficemojo.com/movies/?id=elles.htm;NC-17;N/A;157508;24286
Deadtime;http://www.boxofficemojo.com/movies/?id=deadtime.htm;N/A;N/A;156072;30240
Shirin Farhad Ki Toh Nikal Padi;http://www.boxofficemojo.com/movies/?id=shirinfarhad.htm;N/A;N/A;155758;119743
Sister (2012);http://www.boxofficemojo.com/movies/?id=sister2012).htm;N/A;N/A;154659;15401
Unforgivable;http://www.boxofficemojo.com/movies/?id=unforgiveable.htm;N/A;N/A;154189;27857
Once Upon a Time in Anatolia;http://www.boxofficemojo.com/movies/?id=onceuponatimeinanatolia.htm;N/A;N/A;152408;10952
Bullhead;http://www.boxofficemojo.com/movies/?id=bullhead.htm;R;N/A;151840;32267
Chakravyuh;http://www.boxofficemojo.com/movies/?id=chakravyuh.htm;N/A;N/A;151778;97896
Hecho En Mexico;http://www.boxofficemojo.com/movies/?id=hechoenmexico.htm;R;N/A;151133;76123
Simon and the Oaks;http://www.boxofficemojo.com/movies/?id=simonandtheoaks.htm;N/A;N/A;150664;9964
Deadly Renovations;http://www.boxofficemojo.com/movies/?id=deadlyrenovations.htm;N/A;N/A;146146;42588
I Wish;http://www.boxofficemojo.com/movies/?id=iwish.htm;PG;N/A;145808;10919
From Beneath;http://www.boxofficemojo.com/movies/?id=frombeneath.htm;N/A;N/A;144123;47628
This Must Be the Place;http://www.boxofficemojo.com/movies/?id=thismustbetheplace.htm;R;N/A;143979;7754
Luv Shuv Tey Chicken Khurana;http://www.boxofficemojo.com/movies/?id=luvshuvtey.htm;N/A;N/A;143507;95364
High School;http://www.boxofficemojo.com/movies/?id=highschool.htm;R;N/A;139034;82832
Beloved (2012);http://www.boxofficemojo.com/movies/?id=beloved2012.htm;N/A;N/A;137515;25825
Slaughter Creek;http://www.boxofficemojo.com/movies/?id=slaughtercreek.htm;N/A;N/A;136815;49392
Warriors of the Rainbow: Seediq Bale;http://www.boxofficemojo.com/movies/?id=seddiqbale.htm;N/A;23000000;136166;57183
The Other Dream Team;http://www.boxofficemojo.com/movies/?id=otherdreamteam.htm;N/A;N/A;135228;19821
Kumare;http://www.boxofficemojo.com/movies/?id=kumare.htm;N/A;N/A;132160;9601
How to Survive a Plague;http://www.boxofficemojo.com/movies/?id=surviveaplague.htm;N/A;N/A;132055;28250
The Loneliest Planet;http://www.boxofficemojo.com/movies/?id=loneliestplanet.htm;N/A;N/A;129579;15689
Forgiveness of Blood;http://www.boxofficemojo.com/movies/?id=forgivenessofblood.htm;N/A;N/A;126700;26724
Escape Fire;http://www.boxofficemojo.com/movies/?id=escapefire.htm;PG-13;N/A;126238;30953
Turn Me On, Dammit!;http://www.boxofficemojo.com/movies/?id=turnmeondammit.htm;N/A;N/A;126085;10145
God Bless America;http://www.boxofficemojo.com/movies/?id=godblessamerica.htm;R;N/A;122550;27308
Iron Sky;http://www.boxofficemojo.com/movies/?id=ironsky.htm;R;N/A;122082;N/A
Cowgirls n' Angels;http://www.boxofficemojo.com/movies/?id=cowgirlsnangels.htm;PG;N/A;120680;54675
Bel Ami;http://www.boxofficemojo.com/movies/?id=belami.htm;R;N/A;120462;38018
Bullet Vanishes;http://www.boxofficemojo.com/movies/?id=bulletvanishes.htm;N/A;N/A;117629;43444
Beware of Mr. Baker;http://www.boxofficemojo.com/movies/?id=bewareofmrbaker.htm;N/A;N/A;116476;12195
The Woman in the Fifth;http://www.boxofficemojo.com/movies/?id=womaninthefifth.htm;R;N/A;113800;33011
Burn (2012);http://www.boxofficemojo.com/movies/?id=burn2012.htm;N/A;N/A;113173;1970
Follow Me: The Yoni Netanyahu Story;http://www.boxofficemojo.com/movies/?id=followme.htm;N/A;N/A;112679;7882
Wild Horse Wild Ride;http://www.boxofficemojo.com/movies/?id=wildhorsewildride.htm;PG;N/A;111205;3610
The Obama Effect;http://www.boxofficemojo.com/movies/?id=obamaeffect.htm;PG-13;N/A;110904;83896
The Perfect Family;http://www.boxofficemojo.com/movies/?id=perfectfamily.htm;PG-13;N/A;110313;14300
5 Broken Cameras;http://www.boxofficemojo.com/movies/?id=fivebrokencameras.htm;N/A;N/A;109983;6674
Hello I Must Be Going;http://www.boxofficemojo.com/movies/?id=helloimustbegoing.htm;R;N/A;106709;23904
Butter;http://www.boxofficemojo.com/movies/?id=butter.htm;R;N/A;105018;70931
The Magic of Belle Isle;http://www.boxofficemojo.com/movies/?id=magicofbelleisle.htm;PG;N/A;102388;10367
Oslo, August 31st;http://www.boxofficemojo.com/movies/?id=osloaugust31.htm;N/A;N/A;101475;9564
Wuthering Heights (2012);http://www.boxofficemojo.com/movies/?id=wutheringheights2012.htm;N/A;N/A;100915;8956
Mugamoodi;http://www.boxofficemojo.com/movies/?id=mugamoodi.htm;N/A;N/A;100809;55501
V/H/S;http://www.boxofficemojo.com/movies/?id=vhs.htm;R;N/A;100345;36402
360;http://www.boxofficemojo.com/movies/?id=360.htm;R;N/A;100343;12186
Hardflip;http://www.boxofficemojo.com/movies/?id=hardflip.htm;PG-13;N/A;96734;49879
Goodbye First Love;http://www.boxofficemojo.com/movies/?id=goodbyefirstlove.htm;N/A;N/A;95000;21077
The Road (2012);http://www.boxofficemojo.com/movies/?id=road2012.htm;R;N/A;92476;56692
Starlet;http://www.boxofficemojo.com/movies/?id=starlet.htm;N/A;N/A;88212;15662
Marina Abramovic: The Artist is Present;http://www.boxofficemojo.com/movies/?id=marinaabramovic.htm;N/A;N/A;86637;11041
The Eye of the Storm;http://www.boxofficemojo.com/movies/?id=eyeofthestorm.htm;N/A;N/A;83566;25785
Hating Breitbart;http://www.boxofficemojo.com/movies/?id=hatingbreitbart.htm;R;N/A;81432;40673
Harvest of Empire;http://www.boxofficemojo.com/movies/?id=harvestofempire.htm;N/A;N/A;79627;N/A
The Innkeepers;http://www.boxofficemojo.com/movies/?id=innkeepers.htm;R;N/A;78396;29557
This is Not a Film;http://www.boxofficemojo.com/movies/?id=thisisnotafilm.htm;N/A;N/A;77016;12608
The Island President;http://www.boxofficemojo.com/movies/?id=islandpresident.htm;PG;N/A;76398;13998
Hara-Kiri: Death of a Samurai;http://www.boxofficemojo.com/movies/?id=harakiri.htm;N/A;N/A;75688;10920
On the Ice;http://www.boxofficemojo.com/movies/?id=ontheice.htm;R;N/A;73492;17901
Detachment;http://www.boxofficemojo.com/movies/?id=detachment.htm;N/A;N/A;72689;10739
The Invisible War;http://www.boxofficemojo.com/movies/?id=invisiblewar.htm;N/A;N/A;71968;16500
Runaway Slave;http://www.boxofficemojo.com/movies/?id=runawayslave.htm;N/A;N/A;71737;3626
My Way (2012);http://www.boxofficemojo.com/movies/?id=myway2012.htm;R;N/A;70177;17817
Taur Mittran Di;http://www.boxofficemojo.com/movies/?id=taurmittrandi.htm;N/A;N/A;69510;49926
An Inconsistent Truth;http://www.boxofficemojo.com/movies/?id=aninconsistenttruth.htm;PG;N/A;69394;20733
Intruders;http://www.boxofficemojo.com/movies/?id=intruders.htm;R;N/A;69136;40746
Klown;http://www.boxofficemojo.com/movies/?id=klown.htm;R;N/A;68795;19683
Deadfall (2012);http://www.boxofficemojo.com/movies/?id=deadfall2012.htm;R;N/A;66351;19391
Toys in the Attic;http://www.boxofficemojo.com/movies/?id=toysintheattic.htm;PG;N/A;64918;19913
Girlfriend Boyfriend - GF BF;http://www.boxofficemojo.com/movies/?id=girlfriendboyfriend.htm;N/A;N/A;64414;29016
The Details;http://www.boxofficemojo.com/movies/?id=details.htm;R;N/A;63595;18528
Let the Bullets Fly;http://www.boxofficemojo.com/movies/?id=letthebulletsfly.htm;N/A;N/A;63012;11287
Backwards;http://www.boxofficemojo.com/movies/?id=backwards.htm;PG;N/A;61465;23190
The Bodyguard (2012 re-release);http://www.boxofficemojo.com/movies/?id=bodyguard2012.htm;R;N/A;61020;N/A
Neighboring Sounds;http://www.boxofficemojo.com/movies/?id=neighboringsounds.htm;N/A;N/A;60255;12666
Gregory Crewdson: Brief Encounters;http://www.boxofficemojo.com/movies/?id=gregorycrewdson.htm;N/A;N/A;60064;1492
Declaration of War;http://www.boxofficemojo.com/movies/?id=declarationofwar.htm;N/A;N/A;59100;12791
Vulgaria;http://www.boxofficemojo.com/movies/?id=vulgaria.htm;N/A;N/A;59059;31097
Side By Side;http://www.boxofficemojo.com/movies/?id=sidebyside.htm;N/A;N/A;58825;6956
Beyond the Black Rainbow;http://www.boxofficemojo.com/movies/?id=beyondtheblackrainbow.htm;R;N/A;56491;4957
The Turin Horse;http://www.boxofficemojo.com/movies/?id=turinhorse.htm;N/A;N/A;56391;9145
Natural Selection;http://www.boxofficemojo.com/movies/?id=naturalselection.htm;R;N/A;55282;10375
Deitrick Haddon's A Beautiful Soul;http://www.boxofficemojo.com/movies/?id=beautifulsoul.htm;PG-13;N/A;54008;46410
Dangerous Liaisons (2012);http://www.boxofficemojo.com/movies/?id=dangerousliaisons2012.htm;N/A;N/A;54000;18027
Surviving Progress;http://www.boxofficemojo.com/movies/?id=survivingprogress.htm;N/A;N/A;53953;4161
Free Men;http://www.boxofficemojo.com/movies/?id=freemen.htm;N/A;N/A;53810;N/A
A Trip to the Moon/The Extraordinary Voyage;http://www.boxofficemojo.com/movies/?id=triptothemoon.htm;N/A;N/A;52986;2915
Occupy Unmasked;http://www.boxofficemojo.com/movies/?id=occupyunmasked.htm;N/A;N/A;52768;40952
Red Lights (2012);http://www.boxofficemojo.com/movies/?id=redlights2012.htm;R;N/A;52624;10340
Jodi Breakers;http://www.boxofficemojo.com/movies/?id=jodibreakers.htm;N/A;N/A;52618;52618
Painted Skin: The Resurrection;http://www.boxofficemojo.com/movies/?id=paintedskin.htm;N/A;N/A;50425;17791
Wake in Fright;http://www.boxofficemojo.com/movies/?id=wakeinfright.htm;R;N/A;50394;6761
The Fitzgerald Family Christmas;http://www.boxofficemojo.com/movies/?id=fitzgerald.htm;PG-13;N/A;50292;13800
All's Well, End's Well (2012);http://www.boxofficemojo.com/movies/?id=allswellthatendswell.htm;N/A;N/A;47919;23250
War of the Buttons (2012);http://www.boxofficemojo.com/movies/?id=warofthebuttons2012.htm;PG-13;N/A;47771;4737
Sing Your Song;http://www.boxofficemojo.com/movies/?id=singyoursong.htm;N/A;N/A;47718;13459
Step Up to the Plate;http://www.boxofficemojo.com/movies/?id=stepuptotheplate.htm;N/A;N/A;47439;5643
Ballplayer: Pelotero;http://www.boxofficemojo.com/movies/?id=pelotero.htm;N/A;N/A;46109;20628
The Pruitt-Igoe Myth;http://www.boxofficemojo.com/movies/?id=pruittigoemyth.htm;N/A;N/A;44883;4721
Union Square;http://www.boxofficemojo.com/movies/?id=unionsquare.htm;N/A;N/A;44830;14406
Double Trouble ;http://www.boxofficemojo.com/movies/?id=doubletrouble.htm;N/A;N/A;44788;17978
OC87;http://www.boxofficemojo.com/movies/?id=oc87.htm;N/A;N/A;43583;5733
The Graduate: 45th Anniversary Reunion;http://www.boxofficemojo.com/movies/?id=graduate2012.htm;PG;N/A;43466;5778
All Together;http://www.boxofficemojo.com/movies/?id=alltogether.htm;N/A;N/A;43180;12887
Nobody Else But You;http://www.boxofficemojo.com/movies/?id=nobodyelsebutyou.htm;N/A;N/A;43040;3759
Last Call at the Oasis;http://www.boxofficemojo.com/movies/?id=lastcallattheoasis.htm;PG-13;N/A;42423;8899
Fixing the Future;http://www.boxofficemojo.com/movies/?id=fixingthefuture.htm;N/A;N/A;42393;N/A
Fat Kid Rules the World;http://www.boxofficemojo.com/movies/?id=fatkidrulestheworld.htm;R;750000;41457;1450
The Comedy;http://www.boxofficemojo.com/movies/?id=comedy.htm;N/A;N/A;41113;6000
The FP;http://www.boxofficemojo.com/movies/?id=fp.htm;R;N/A;40557;15465
Paan Singh Tomar;http://www.boxofficemojo.com/movies/?id=paansinghtomar.htm;N/A;N/A;40311;20568
Soldiers of Fortune;http://www.boxofficemojo.com/movies/?id=soldiersoffortune.htm;R;N/A;38898;24978
Paul Williams Still Alive;http://www.boxofficemojo.com/movies/?id=paulwilliamsstillalive.htm;PG-13;N/A;38691;6116
Death by China;http://www.boxofficemojo.com/movies/?id=deathbychina.htm;N/A;N/A;38492;5701
The Fairy;http://www.boxofficemojo.com/movies/?id=fairy.htm;N/A;N/A;38399;4199
Wagner & Me;http://www.boxofficemojo.com/movies/?id=wagnerandme.htm;N/A;N/A;37745;4891
Children of Paradise (2012 re-release);http://www.boxofficemojo.com/movies/?id=childrenofparadise.htm;N/A;N/A;36986;10741
Mansome;http://www.boxofficemojo.com/movies/?id=mansome.htm;PG-13;N/A;36280;18395
The Inbetweeners Movie;http://www.boxofficemojo.com/movies/?id=inbetweeners.htm;R;N/A;36000;36000
Bangkok Revenge;http://www.boxofficemojo.com/movies/?id=rebirth2012.htm;N/A;N/A;35784;22116
Fetih 1453: The Conquest of Constantinople;http://www.boxofficemojo.com/movies/?id=fetih1453.htm;N/A;N/A;35730;35730
Max et les Ferrailleurs (Max and the Junkmen) (2012 re-release);http://www.boxofficemojo.com/movies/?id=maxetlesferrailleurs.htm;N/A;N/A;35387;11264
Comic-Con Episode IV: A Fan's Hope;http://www.boxofficemojo.com/movies/?id=comicconiv.htm;PG-13;1500000;34665;8203
Orchestra of Exiles;http://www.boxofficemojo.com/movies/?id=orchestraofexiles.htm;N/A;N/A;34577;6719
Hit So Hard;http://www.boxofficemojo.com/movies/?id=hitsohard.htm;R;N/A;34025;6500
District of Corruption;http://www.boxofficemojo.com/movies/?id=districtofcorruption.htm;N/A;N/A;31954;25086
Musical Chairs;http://www.boxofficemojo.com/movies/?id=musicalchairs.htm;PG;N/A;31478;9092
Celine & Julie Go Boating (re-issue);http://www.boxofficemojo.com/movies/?id=celineandjulie.htm;N/A;N/A;31452;5624
Whores' Glory;http://www.boxofficemojo.com/movies/?id=whoresglory.htm;N/A;N/A;31420;5358
Kalakalappu@Masala Cafe;http://www.boxofficemojo.com/movies/?id=kalakalappu.htm;N/A;N/A;30949;17101
L!fe Happens;http://www.boxofficemojo.com/movies/?id=lifehappens.htm;R;N/A;30905;20186
Meet the Fokkens;http://www.boxofficemojo.com/movies/?id=meetthefokkens.htm;N/A;N/A;30810;7628
The Bay;http://www.boxofficemojo.com/movies/?id=bay.htm;R;N/A;30668;19747
Hide Away (2012);http://www.boxofficemojo.com/movies/?id=hideaway2012.htm;PG-13;N/A;30655;689
Hermano;http://www.boxofficemojo.com/movies/?id=hermano.htm;N/A;N/A;29864;18835
Sacrifice;http://www.boxofficemojo.com/movies/?id=sacrifice.htm;R;N/A;29792;15243
You've Been Trumped;http://www.boxofficemojo.com/movies/?id=youvebeentrumped.htm;N/A;N/A;29273;4497
Kill List;http://www.boxofficemojo.com/movies/?id=killlist.htm;N/A;N/A;29063;9838
Hitler's Children;http://www.boxofficemojo.com/movies/?id=hitlerschildren.htm;N/A;N/A;28663;2939
North Sea Texas;http://www.boxofficemojo.com/movies/?id=northseatexas.htm;N/A;N/A;28307;4487
The Ambassador;http://www.boxofficemojo.com/movies/?id=ambassador.htm;N/A;N/A;28102;13046
Least Among Saints;http://www.boxofficemojo.com/movies/?id=leastamongsaints.htm;R;N/A;28026;15774
Port of Shadows (2012 re-issue);http://www.boxofficemojo.com/movies/?id=portofshadows.htm;N/A;N/A;27389;6618
The Devil, Probably (2012 re-release);http://www.boxofficemojo.com/movies/?id=devilprobably2012.htm;N/A;N/A;26816;1688
Here (2012);http://www.boxofficemojo.com/movies/?id=here2012.htm;N/A;N/A;26743;7927
Pink Ribbons, Inc.;http://www.boxofficemojo.com/movies/?id=pinkribbons.htm;R;N/A;26608;2721
Django (2012 re-release);http://www.boxofficemojo.com/movies/?id=django2012.htm;N/A;N/A;25916;6150
Nobody Walks;http://www.boxofficemojo.com/movies/?id=nobodywalks.htm;R;N/A;25342;7269
Death of the Virgin;http://www.boxofficemojo.com/movies/?id=deathofthevirgin.htm;N/A;N/A;25247;8628
In Another Country;http://www.boxofficemojo.com/movies/?id=inanothercountry.htm;N/A;N/A;25079;3207
Sound of Noise;http://www.boxofficemojo.com/movies/?id=soundofnoise.htm;R;N/A;24565;5877
Otter 501;http://www.boxofficemojo.com/movies/?id=otter501.htm;G;N/A;24449;5444
Radio Unnameable;http://www.boxofficemojo.com/movies/?id=radiounnameable.htm;N/A;N/A;24090;5833
Attenberg;http://www.boxofficemojo.com/movies/?id=attenberg.htm;N/A;N/A;24036;3998
The Rabbi's Cat;http://www.boxofficemojo.com/movies/?id=rabbiscat.htm;N/A;N/A;23392;4301
Hellbound?;http://www.boxofficemojo.com/movies/?id=hellbound.htm;N/A;N/A;22887;3938
The First Time;http://www.boxofficemojo.com/movies/?id=firsttime.htm;PG-13;N/A;22836;17061
Keyhole;http://www.boxofficemojo.com/movies/?id=keyhole.htm;R;N/A;22826;3294
The Long Day Closes (2012 re-release);http://www.boxofficemojo.com/movies/?id=thelongdaycloses.htm;PG;N/A;22765;1407
Carol Channing: Larger Than Life;http://www.boxofficemojo.com/movies/?id=carolchanning.htm;PG;N/A;22740;5000
The Revisionaries;http://www.boxofficemojo.com/movies/?id=revisionaries.htm;N/A;N/A;22664;2608
Losing Control;http://www.boxofficemojo.com/movies/?id=losingcontrol.htm;N/A;N/A;22081;2196
My Worst Nightmare;http://www.boxofficemojo.com/movies/?id=myworstnightmare.htm;N/A;N/A;21952;1142
Better Than Something: Jay Reatard;http://www.boxofficemojo.com/movies/?id=betterthansomething.htm;N/A;N/A;21697;5712
Sedona;http://www.boxofficemojo.com/movies/?id=sedona.htm;N/A;N/A;21638;N/A
Waiting for Lightning;http://www.boxofficemojo.com/movies/?id=waitingforlightning.htm;PG-13;N/A;21577;19537
Bonsai;http://www.boxofficemojo.com/movies/?id=bonsai.htm;N/A;N/A;21267;2293
Girl Model;http://www.boxofficemojo.com/movies/?id=girlmodel.htm;N/A;N/A;21154;4898
Lay the Favorite;http://www.boxofficemojo.com/movies/?id=laythefavorite.htm;R;N/A;20998;20998
The Day;http://www.boxofficemojo.com/movies/?id=day2012.htm;N/A;N/A;20984;10121
The Highest Pass;http://www.boxofficemojo.com/movies/?id=highestpass.htm;N/A;N/A;20386;10125
Jesus Henry Christ;http://www.boxofficemojo.com/movies/?id=jesushenrychrist.htm;PG-13;N/A;20183;8192
How to Grow a Band;http://www.boxofficemojo.com/movies/?id=howtogrowaband.htm;N/A;N/A;20135;5705
In Over My Head;http://www.boxofficemojo.com/movies/?id=inovermyhead.htm;N/A;100000;19482;7476
Tchoupitoulas;http://www.boxofficemojo.com/movies/?id=tchoupitoulas.htm;N/A;N/A;19375;2379
The Color Wheel;http://www.boxofficemojo.com/movies/?id=thecolorwheel.htm;N/A;N/A;19001;3884
Sophomore;http://www.boxofficemojo.com/movies/?id=sophomore.htm;N/A;N/A;18945;13097
28 Hotel Rooms;http://www.boxofficemojo.com/movies/?id=28hotelrooms.htm;N/A;N/A;18869;1869
Chely Wright: Wish Me Away;http://www.boxofficemojo.com/movies/?id=chelywright.htm;N/A;N/A;18618;5026
Lovely Molly;http://www.boxofficemojo.com/movies/?id=lovelymolly.htm;R;N/A;18464;12555
El Milagro De Marcelino Pan;http://www.boxofficemojo.com/movies/?id=elmilagrodemarcelinopan.htm;N/A;3000000;18193;17092
Total Recall (2012 re-release);http://www.boxofficemojo.com/movies/?id=totalrecall2012rerelease.htm;R;N/A;18081;5788
Juan of the Dead;http://www.boxofficemojo.com/movies/?id=juanofthedead.htm;N/A;N/A;18000;12000
Payback (2012);http://www.boxofficemojo.com/movies/?id=payback2012.htm;N/A;N/A;17979;2186
4:44: Last Day on Earth;http://www.boxofficemojo.com/movies/?id=444lastdayonearth.htm;R;N/A;17801;8355
Little Birds;http://www.boxofficemojo.com/movies/?id=littlebirds.htm;R;N/A;17739;4574
Grandmaster;http://www.boxofficemojo.com/movies/?id=grandmaster.htm;N/A;N/A;17077;10479
The Understudy;http://www.boxofficemojo.com/movies/?id=understudy.htm;N/A;N/A;17036;N/A
The Prophet's Son;http://www.boxofficemojo.com/movies/?id=prophetsson.htm;N/A;2750000;16983;8168
Inventing Our Life: The Kibbutz Experiment;http://www.boxofficemojo.com/movies/?id=inventingourlife.htm;N/A;N/A;16734;6193
Teddy Bear;http://www.boxofficemojo.com/movies/?id=teddybear.htm;N/A;N/A;16138;5388
Return (2012);http://www.boxofficemojo.com/movies/?id=return2012.htm;N/A;N/A;16124;6717
Alps;http://www.boxofficemojo.com/movies/?id=alps.htm;N/A;N/A;16057;2628
Long Shot: The Kevin Laue Story;http://www.boxofficemojo.com/movies/?id=longshot2012.htm;N/A;N/A;16011;16011
Patience (After Sebald);http://www.boxofficemojo.com/movies/?id=patience2012.htm;N/A;N/A;15941;5302
$upercapitalist;http://www.boxofficemojo.com/movies/?id=supercapitalist.htm;N/A;N/A;15919;8372
This Binary Universe;http://www.boxofficemojo.com/movies/?id=binaryuniverse.htm;N/A;N/A;15875;1794
Take Me Home;http://www.boxofficemojo.com/movies/?id=takemehome.htm;PG-13;N/A;15760;322
Michael (2012);http://www.boxofficemojo.com/movies/?id=michael2012.htm;Not Yet Rated;N/A;15715;3366
Quill: The Life of a Guide Dog;http://www.boxofficemojo.com/movies/?id=quill2012.htm;N/A;N/A;15674;1678
California Solo;http://www.boxofficemojo.com/movies/?id=californiasolo.htm;N/A;N/A;15433;3412
A Little Bit of Heaven;http://www.boxofficemojo.com/movies/?id=littlebitofheaven.htm;PG-13;N/A;15375;10011
Only the Young;http://www.boxofficemojo.com/movies/?id=onlytheyoung.htm;N/A;N/A;15312;1446
17 Girls;http://www.boxofficemojo.com/movies/?id=17girls.htm;N/A;N/A;15123;4449
Kung Fu Joe;http://www.boxofficemojo.com/movies/?id=kungfujoe.htm;N/A;N/A;15120;3158
Trade of Innocents;http://www.boxofficemojo.com/movies/?id=tradeofinnocents.htm;PG-13;N/A;15091;588
30 Beats;http://www.boxofficemojo.com/movies/?id=30beats.htm;R;N/A;14693;8624
Unraveled;http://www.boxofficemojo.com/movies/?id=unraveled.htm;N/A;N/A;14615;9006
Tristana (2012 re-release);http://www.boxofficemojo.com/movies/?id=tristana2012.htm;PG;N/A;14586;4754
Silent Night;http://www.boxofficemojo.com/movies/?id=silentnight.htm;R;N/A;14567;9780
Space Dogs 3D;http://www.boxofficemojo.com/movies/?id=spacedogs3d.htm;G;N/A;14408;14408
Never Stand Still: Dancing at Jacob's Pillow;http://www.boxofficemojo.com/movies/?id=neverstandstill.htm;N/A;N/A;14272;1951
We Won't Grow Old Together (2012 re-release);http://www.boxofficemojo.com/movies/?id=wewontgrowoldtogether.htm;N/A;N/A;14104;1677
Gayby;http://www.boxofficemojo.com/movies/?id=gayby.htm;N/A;N/A;14062;4792
6 Month Rule;http://www.boxofficemojo.com/movies/?id=6monthrule.htm;R;N/A;14057;1963
Head Games;http://www.boxofficemojo.com/movies/?id=headgames.htm;PG-13;N/A;14056;1152
Planet of Snail;http://www.boxofficemojo.com/movies/?id=planetofsnail.htm;N/A;N/A;13957;2011
Falling Away;http://www.boxofficemojo.com/movies/?id=fallingaway.htm;N/A;N/A;13869;1284
The Day He Arrives;http://www.boxofficemojo.com/movies/?id=dayhearrives.htm;N/A;N/A;13746;3311
Daisies (2012 re-release);http://www.boxofficemojo.com/movies/?id=daisies2012.htm;N/A;N/A;13692;6576
The Law in These Parts;http://www.boxofficemojo.com/movies/?id=lawintheseparts.htm;N/A;N/A;13683;2814
When the Iron Bird Flies;http://www.boxofficemojo.com/movies/?id=whentheironbirdflies.htm;N/A;N/A;13598;N/A
Reuniting the Rubins;http://www.boxofficemojo.com/movies/?id=reunitingtherubins.htm;PG;N/A;13569;734
Dysfunctional Friends;http://www.boxofficemojo.com/movies/?id=dysfunctionalfriends.htm;N/A;5000000;13546;7409
Citadel;http://www.boxofficemojo.com/movies/?id=citadel.htm;R;N/A;13377;5715
The Trouble with Bliss;http://www.boxofficemojo.com/movies/?id=troublewithbliss.htm;PG-13;N/A;13093;4618
Nothing But a Man (2012 re-release);http://www.boxofficemojo.com/movies/?id=nothingbutaman2012.htm;N/A;N/A;13063;3466
How Much Does Your Building Weigh, Mr. Foster?;http://www.boxofficemojo.com/movies/?id=mrfoster.htm;N/A;N/A;13013;2759
Norwegian Wood;http://www.boxofficemojo.com/movies/?id=norwegianwood.htm;N/A;N/A;13000;13000
Virginia;http://www.boxofficemojo.com/movies/?id=virginia.htm;R;N/A;12728;6915
Around June;http://www.boxofficemojo.com/movies/?id=aroundjune.htm;N/A;N/A;12578;/a
For Ellen;http://www.boxofficemojo.com/movies/?id=forellen.htm;N/A;N/A;12396;4616
Grassroots;http://www.boxofficemojo.com/movies/?id=grassroots.htm;R;N/A;12356;6497
Lost Angels: Skid Row is My Home;http://www.boxofficemojo.com/movies/?id=lostangels2012.htm;N/A;N/A;12025;7039
Ultrasuede;http://www.boxofficemojo.com/movies/?id=ultrasuede.htm;N/A;N/A;11539;3968
Now, Forager;http://www.boxofficemojo.com/movies/?id=nowforager.htm;N/A;N/A;11146;1539
Dragon (2012);http://www.boxofficemojo.com/movies/?id=dragon2012.htm;R;N/A;11137;11137
The Front Line;http://www.boxofficemojo.com/movies/?id=frontline.htm;N/A;N/A;11018;7188
Tales of the Night;http://www.boxofficemojo.com/movies/?id=talesofthenight.htm;N/A;N/A;10975;7154
Henning Mankell's 'Wallander': The Revenge;http://www.boxofficemojo.com/movies/?id=wallander.htm;N/A;N/A;10960;2230
The Man Who Shook the Hand of Vicente Fernandez;http://www.boxofficemojo.com/movies/?id=vicentefernandez.htm;N/A;N/A;10782;3099
Special Forces;http://www.boxofficemojo.com/movies/?id=specialforces.htm;R;N/A;10759;10759
Found Memories;http://www.boxofficemojo.com/movies/?id=foundmemories.htm;N/A;N/A;10575;3874
China Heavyweight;http://www.boxofficemojo.com/movies/?id=chinaheavyweight.htm;N/A;N/A;10550;3792
Santa Mesa;http://www.boxofficemojo.com/movies/?id=santamesa.htm;N/A;N/A;10490;3846
Husbands in Goa;http://www.boxofficemojo.com/movies/?id=husbandsingoa.htm;N/A;N/A;10135;4483
Putin's Kiss;http://www.boxofficemojo.com/movies/?id=putinskiss.htm;N/A;N/A;10082;1525
Starry Starry Night;http://www.boxofficemojo.com/movies/?id=starrystarrynight.htm;N/A;N/A;10033;2312
Arjun: The Warrior Prince;http://www.boxofficemojo.com/movies/?id=arjun-thewarriorprince.htm;N/A;N/A;10017;5527
The Do-Deca-Pentathlon;http://www.boxofficemojo.com/movies/?id=dodeca.htm;R;N/A;10000;10000
Post Mortem;http://www.boxofficemojo.com/movies/?id=postmortem.htm;N/A;N/A;9750;2406
Rec 3: Genesis;http://www.boxofficemojo.com/movies/?id=rec3.htm;R;N/A;9600;3001
The City Dark;http://www.boxofficemojo.com/movies/?id=citydark.htm;N/A;N/A;9269;2983
Decoding Deepak;http://www.boxofficemojo.com/movies/?id=decodingdeepak.htm;N/A;N/A;9100;9100
Art of Submission;http://www.boxofficemojo.com/movies/?id=artofsubmission.htm;PG-13;4500000;9004;8759
Three Stars;http://www.boxofficemojo.com/movies/?id=threestars.htm;N/A;N/A;8942;1003
Corpo Celeste;http://www.boxofficemojo.com/movies/?id=corpoceleste.htm;N/A;N/A;8919;2263
Home Run Showdown;http://www.boxofficemojo.com/movies/?id=homerunshowdown.htm;N/A;N/A;8824;8824
The Man in the White Suit (2012 re-release);http://www.boxofficemojo.com/movies/?id=maninthewhitesuit2012.htm;N/A;N/A;8718;3874
Man on a Mission;http://www.boxofficemojo.com/movies/?id=manonamission.htm;N/A;N/A;8688;3430
Small, Beautiful Moving Parts;http://www.boxofficemojo.com/movies/?id=smallmovingparts.htm;N/A;N/A;8631;3087
Mosquita y Mari;http://www.boxofficemojo.com/movies/?id=mosquitaymari.htm;N/A;N/A;8614;5070
General Education;http://www.boxofficemojo.com/movies/?id=generaleducation.htm;PG-13;N/A;8601;282
Cartas a Elena;http://www.boxofficemojo.com/movies/?id=cartasaelena.htm;PG;N/A;8511;7711
The Snowtown Murders;http://www.boxofficemojo.com/movies/?id=snowtown.htm;N/A;N/A;8452;1273
Dreams of a Life;http://www.boxofficemojo.com/movies/?id=dreamsofalife.htm;N/A;N/A;8405;3085
Restless City;http://www.boxofficemojo.com/movies/?id=restlesscity.htm;R;N/A;8100;8100
The Babymakers;http://www.boxofficemojo.com/movies/?id=babymakers.htm;R;N/A;7889;5215
Roadie (2012);http://www.boxofficemojo.com/movies/?id=roadie2012.htm;R;N/A;7825;2661
Photographic Memory;http://www.boxofficemojo.com/movies/?id=photographicmemory.htm;N/A;N/A;7822;3006
Last Days Here;http://www.boxofficemojo.com/movies/?id=lastdayshere.htm;N/A;N/A;7643;2671
Brooklyn Brothers Beat the Best;http://www.boxofficemojo.com/movies/?id=brooklynbrothers.htm;N/A;N/A;7466;3850
Bel Borba Aqui;http://www.boxofficemojo.com/movies/?id=belborbaaqui.htm;N/A;N/A;7426;1869
Price Check;http://www.boxofficemojo.com/movies/?id=pricecheck.htm;N/A;N/A;7413;2783
The Giant Mechanical Man;http://www.boxofficemojo.com/movies/?id=giantmechanicalman.htm;PG-13;N/A;7396;1789
Domain (2012);http://www.boxofficemojo.com/movies/?id=domain2012.htm;N/A;N/A;7105;2810
Love, Marilyn;http://www.boxofficemojo.com/movies/?id=lovemarilyn.htm;N/A;N/A;6950;4000
Last Ride;http://www.boxofficemojo.com/movies/?id=lastride12.htm;N/A;N/A;6853;838
In Our Nature;http://www.boxofficemojo.com/movies/?id=inournature.htm;N/A;N/A;6543;4378
Windfall;http://www.boxofficemojo.com/movies/?id=windfall.htm;N/A;N/A;6504;1780
The Beat Hotel;http://www.boxofficemojo.com/movies/?id=beathotel.htm;N/A;N/A;6480;1458
Tonight You're Mine;http://www.boxofficemojo.com/movies/?id=tonightyouremine.htm;R;N/A;6255;2144
Crazy Eyes;http://www.boxofficemojo.com/movies/?id=crazyeyes.htm;N/A;N/A;6141;3259
The Last Fall;http://www.boxofficemojo.com/movies/?id=lastfall.htm;N/A;N/A;6100;6100
The Miners' Hymns;http://www.boxofficemojo.com/movies/?id=minershymns.htm;N/A;N/A;6051;3217
Las Acacias;http://www.boxofficemojo.com/movies/?id=lasacacias.htm;N/A;N/A;6000;6000
American Animal;http://www.boxofficemojo.com/movies/?id=americananimal.htm;R;N/A;5928;5928
Buzzkill;http://www.boxofficemojo.com/movies/?id=buzzkill.htm;N/A;N/A;5860;N/A
Sushi: The Global Catch;http://www.boxofficemojo.com/movies/?id=sushi.htm;N/A;N/A;5757;516
Save the Date;http://www.boxofficemojo.com/movies/?id=savethedate.htm;R;N/A;5719;3755
Bookers Place;http://www.boxofficemojo.com/movies/?id=bookersplace.htm;N/A;N/A;5549;2455
Young and Wild;http://www.boxofficemojo.com/movies/?id=youngandwild.htm;N/A;N/A;5514;3798
Universal Soldier: Day of Reckoning;http://www.boxofficemojo.com/movies/?id=universalsoldier2012.htm;R;N/A;5460;3181
The Good Doctor;http://www.boxofficemojo.com/movies/?id=gooddoctor.htm;PG-13;N/A;5206;3180
Liar's Autobiography;http://www.boxofficemojo.com/movies/?id=liarsautobiography.htm;N/A;N/A;5102;5102
Downtown Express;http://www.boxofficemojo.com/movies/?id=downtownexpress.htm;N/A;N/A;5010;3474
Bringing Up Bobby;http://www.boxofficemojo.com/movies/?id=bringingupbobby.htm;PG-13;N/A;4975;1005
Tomorrow When the War Began;http://www.boxofficemojo.com/movies/?id=warbegan.htm;R;N/A;4936;3172
Brake;http://www.boxofficemojo.com/movies/?id=brake.htm;R;N/A;4876;4330
A Man Vanishes (2012 re-release);http://www.boxofficemojo.com/movies/?id=amanvanishes2012.htm;N/A;N/A;4829;1576
Breathing;http://www.boxofficemojo.com/movies/?id=breathing.htm;N/A;N/A;4630;949
Newlyweds;http://www.boxofficemojo.com/movies/?id=newlyweds.htm;N/A;N/A;4584;4584
Art Is... The Permanent Revolution;http://www.boxofficemojo.com/movies/?id=artispermanent.htm;N/A;N/A;4291;2718
Yangsi;http://www.boxofficemojo.com/movies/?id=yangsi.htm;N/A;N/A;4008;N/A
The Moth Diaries;http://www.boxofficemojo.com/movies/?id=mothdiaries.htm;R;N/A;3838;2276
Free Radicals: A History of Experimental Film;http://www.boxofficemojo.com/movies/?id=freeradicals12.htm;N/A;N/A;3804;1350
They Come to America;http://www.boxofficemojo.com/movies/?id=theycometoamerica.htm;N/A;N/A;3775;3775
Bad Blood the Hunger;http://www.boxofficemojo.com/movies/?id=badbloodthehunger.htm;R;N/A;3731;1872
Pickin & Grinnin;http://www.boxofficemojo.com/movies/?id=pickinandgrinnin.htm;R;N/A;3613;3003
The Day I Saw Your Heart;http://www.boxofficemojo.com/movies/?id=dayisawyourheart.htm;N/A;N/A;3546;2810
Loosies;http://www.boxofficemojo.com/movies/?id=loosies.htm;PG-13;N/A;3519;808
Cirkus Columbia;http://www.boxofficemojo.com/movies/?id=cirkuscolumbia.htm;N/A;N/A;3457;1284
Vamps;http://www.boxofficemojo.com/movies/?id=vamps.htm;PG-13;N/A;3361;548
Sleepless Night;http://www.boxofficemojo.com/movies/?id=sleeplessnight.htm;N/A;N/A;3358;2106
After the Wizard;http://www.boxofficemojo.com/movies/?id=afterthewizard.htm;N/A;N/A;3184;2527
Apart (2012);http://www.boxofficemojo.com/movies/?id=apart2012.htm;N/A;N/A;3161;3161
ATM;http://www.boxofficemojo.com/movies/?id=atm.htm;R;N/A;3010;2034
About Cherry;http://www.boxofficemojo.com/movies/?id=aboutcherry.htm;R;N/A;3003;2760
Perfect Sense;http://www.boxofficemojo.com/movies/?id=perfectsense.htm;R;N/A;2959;1567
Cheerful Weather for the Wedding;http://www.boxofficemojo.com/movies/?id=cheerfulweather.htm;PG;N/A;2651;727
Carl;http://www.boxofficemojo.com/movies/?id=carl.htm;N/A;N/A;2592;2592
The Samaritan;http://www.boxofficemojo.com/movies/?id=samaritan.htm;R;N/A;2521;1744
The Ghastly Love of Johnny X;http://www.boxofficemojo.com/movies/?id=ghastlylove.htm;N/A;N/A;2436;86
Why Stop Now?;http://www.boxofficemojo.com/movies/?id=whystopnow.htm;R;N/A;2432;1641
Split: A Deeper Divide;http://www.boxofficemojo.com/movies/?id=split.htm;N/A;150000;2338;2338
Scorn;http://www.boxofficemojo.com/movies/?id=scorn.htm;N/A;N/A;2206;N/A
Patagonia Rising;http://www.boxofficemojo.com/movies/?id=patagoniarising.htm;N/A;N/A;2064;981
I Kissed a Vampire;http://www.boxofficemojo.com/movies/?id=ikissedavampire.htm;PG;N/A;1794;1380
Dystopia 2013;http://www.boxofficemojo.com/movies/?id=dystopia2013.htm;N/A;N/A;1708;1011
El Velador (The Night Watchman);http://www.boxofficemojo.com/movies/?id=elvelador.htm;N/A;N/A;1530;378
Where Are You Taking Me?;http://www.boxofficemojo.com/movies/?id=whereareyoutakingme.htm;N/A;N/A;1492;937
Bestiaire;http://www.boxofficemojo.com/movies/?id=bestiaire.htm;N/A;N/A;1428;N/A
Headshot;http://www.boxofficemojo.com/movies/?id=headshot.htm;N/A;N/A;1373;456
Jason Becker: Not Dead Yet;http://www.boxofficemojo.com/movies/?id=jasonbecker.htm;N/A;N/A;1294;319
Snowman's Land;http://www.boxofficemojo.com/movies/?id=snowmansland.htm;N/A;N/A;1190;656
Jack and Diane;http://www.boxofficemojo.com/movies/?id=jackanddiane.htm;R;N/A;1142;294
The Decoy Bride;http://www.boxofficemojo.com/movies/?id=decoybride.htm;PG;N/A;759;542
The Loving Story;http://www.boxofficemojo.com/movies/?id=thelovingstory.htm;N/A;N/A;700;448
Nature Calls;http://www.boxofficemojo.com/movies/?id=naturecalls.htm;R;N/A;646;382
Citizen Gangster;http://www.boxofficemojo.com/movies/?id=citizengangster.htm;N/A;N/A;625;625
Death of a Superhero;http://www.boxofficemojo.com/movies/?id=deathofasuperhero.htm;N/A;N/A;607;345
Gottfried Helnwein and the Dreaming Child;http://www.boxofficemojo.com/movies/?id=gottfried.htm;N/A;N/A;601;402
Meeting Evil;http://www.boxofficemojo.com/movies/?id=meetingevil.htm;R;N/A;525;181
Apartment 143;http://www.boxofficemojo.com/movies/?id=apartment143.htm;R;N/A;383;256
Playback;http://www.boxofficemojo.com/movies/?id=playback.htm;R;N/A;264;252
